Subsystems.level3	mgm4637821.3
2-Ketogluconate_Utilization;Carbohydrates;Monosaccharides;2-Ketogluconate_Utilization	12
2-isocapryloyl-3R-hydroxymethyl-gamma-butyrolactone_and_other_bacterial_morphogens;Secondary Metabolism;Bacterial cytostatics, differentiation factors and antibiotics;2-isocapryloyl-3R-hydroxymethyl-gamma-butyrolactone_and_other_bacterial_morphogens	1
5-FCL-like_protein;Cofactors, Vitamins, Prosthetic Groups, Pigments;Folate and pterines;5-FCL-like_protein	8959
ABC_transporter_of_unknown_substrate_X;Membrane Transport;ABC transporters;ABC_transporter_of_unknown_substrate_X	1
A_Gammaproteobacteria_Cluster_Relating_to_Translation;Clustering-based subsystems;Ribosome-related cluster;A_Gammaproteobacteria_Cluster_Relating_to_Translation	1878
Acetone_Butanol_Ethanol_Synthesis;Carbohydrates;Fermentation;Acetone_Butanol_Ethanol_Synthesis	75
Acetone_carboxylase;Carbohydrates;-;Acetone_carboxylase	26
Acid_resistance_mechanisms;Stress Response;Acid stress;Acid_resistance_mechanisms	446
Acyclic_terpenes_utilization;Fatty Acids, Lipids, and Isoprenoids;Isoprenoids;Acyclic_terpenes_utilization	68
Acyl-CoA_thioesterase_II;Fatty Acids, Lipids, and Isoprenoids;Fatty acids;Acyl-CoA_thioesterase_II	14
Acyl_Homoserine_Lactone_(AHL)_Autoinducer_Quorum_Sensing_;Regulation and Cell signaling;Quorum sensing and biofilm formation;Acyl_Homoserine_Lactone_(AHL)_Autoinducer_Quorum_Sensing_	1
Adhesion_of_Campylobacter;Virulence, Disease and Defense;Adhesion;Adhesion_of_Campylobacter	1
Aerotolerance_operon_in_Bacteroides_and_potentially_orthologous_operons_in_other_organisms;Clustering-based subsystems;-;Aerotolerance_operon_in_Bacteroides_and_potentially_orthologous_operons_in_other_organisms	1
Alkanesulfonate_assimilation;Sulfur Metabolism;Organic sulfur assimilation;Alkanesulfonate_assimilation	1
Alkylphosphonate_utilization;Phosphorus Metabolism;-;Alkylphosphonate_utilization	44
Allantoin_Utilization;Nitrogen Metabolism;-;Allantoin_Utilization	393
Ammonia_assimilation;Nitrogen Metabolism;-;Ammonia_assimilation	6227
Anaerobic_Oxidative_Degradation_of_L-Ornithine;Amino Acids and Derivatives;Arginine; urea cycle, polyamines;Anaerobic_Oxidative_Degradation_of_L-Ornithine	1
Anaerobic_respiratory_reductases;Respiration;Electron accepting reactions;Anaerobic_respiratory_reductases	51
Arginine_and_Ornithine_Degradation;Amino Acids and Derivatives;Arginine; urea cycle, polyamines;Arginine_and_Ornithine_Degradation	518
Arsenic_resistance;Virulence, Disease and Defense;Resistance to antibiotics and toxic compounds;Arsenic_resistance	78
At2g23840;Miscellaneous;Plant-Prokaryote DOE project;At2g23840	1878
At3g50560;Miscellaneous;Plant-Prokaryote DOE project;At3g50560	2
At4g10620_At3g57180_At3g47450;Miscellaneous;Plant-Prokaryote DOE project;At4g10620_At3g57180_At3g47450	2
At4g17370;Miscellaneous;Plant-Prokaryote DOE project;At4g17370	1
At5g37530;Miscellaneous;Plant-Prokaryote DOE project;At5g37530	1
Auxin_degradation;Secondary Metabolism;Plant Hormones;Auxin_degradation	1916
Benzoate_transport_and_degradation_cluster;Metabolism of Aromatic Compounds;-;Benzoate_transport_and_degradation_cluster	27
Beta-lactamase_cluster_in_Streptococcus;Clustering-based subsystems;Carbohydrates;Beta-lactamase_cluster_in_Streptococcus	166
Biogenesis_of_cbb3-type_cytochrome_c_oxidases;Respiration;-;Biogenesis_of_cbb3-type_cytochrome_c_oxidases	23
Biotin_biosynthesis_Experimental;Miscellaneous;Plant-Prokaryote DOE project;Biotin_biosynthesis_Experimental	1
Biphenyl_Degradation;Metabolism of Aromatic Compounds;Peripheral pathways for catabolism of aromatic compounds;Biphenyl_Degradation	2
Branched-Chain_Amino_Acid_Biosynthesis;Amino Acids and Derivatives;Branched-chain amino acids;Branched-Chain_Amino_Acid_Biosynthesis	1838
Branched_chain_amino_acid_degradation_regulons;Amino Acids and Derivatives;Branched-chain amino acids;Branched_chain_amino_acid_degradation_regulons	3145
Butanol_Biosynthesis;Carbohydrates;Fermentation;Butanol_Biosynthesis	167
CBSS-176280.1.peg.1561;Clustering-based subsystems;-;CBSS-176280.1.peg.1561	1
CBSS-176299.4.peg.1292;Clustering-based subsystems;Probably GTP or GMP signaling related;CBSS-176299.4.peg.1292	34
CBSS-196164.1.peg.1690;Clustering-based subsystems;Cytochrome biogenesis;CBSS-196164.1.peg.1690	2754
CBSS-196620.1.peg.2477;Clustering-based subsystems;-;CBSS-196620.1.peg.2477	4
CBSS-203122.12.peg.188;Phages, Prophages, Transposable elements, Plasmids;Transposable elements;CBSS-203122.12.peg.188	1
CBSS-257314.1.peg.676;Clustering-based subsystems;Two related proteases;CBSS-257314.1.peg.676	2334
CBSS-261594.1.peg.788;Clustering-based subsystems;recX and regulatory cluster;CBSS-261594.1.peg.788	11
CBSS-269799.3.peg.2220;Clustering-based subsystems;Molybdopterin oxidoreductase;CBSS-269799.3.peg.2220	1688
CBSS-269801.1.peg.1715;Clustering-based subsystems;-;CBSS-269801.1.peg.1715	2
CBSS-288000.5.peg.1793;Clustering-based subsystems;Pyruvate kinase associated cluster;CBSS-288000.5.peg.1793	39
CBSS-316273.3.peg.2378;Clustering-based subsystems;-;CBSS-316273.3.peg.2378	47
CBSS-342610.3.peg.1794;Clustering-based subsystems;-;CBSS-342610.3.peg.1794	1383
CBSS-393130.3.peg.129;Clustering-based subsystems;Related to Menaquinone-cytochrome C reductase ;CBSS-393130.3.peg.129	384
CBSS-52598.3.peg.2843;Clustering-based subsystems;alpha-proteobacterial cluster of hypotheticals;CBSS-52598.3.peg.2843	184
CBSS-83332.1.peg.3803;Clustering-based subsystems;-;CBSS-83332.1.peg.3803	3160
CO2_uptake,_carboxysome;Carbohydrates;CO2 fixation;CO2_uptake,_carboxysome	215
COG0523;Miscellaneous;Plant-Prokaryote DOE project;COG0523	8
COG2363;Miscellaneous;Plant-Prokaryote DOE project;COG2363	2031
COG3146_experimental;Miscellaneous;Plant-Prokaryote DOE project;COG3146_experimental	1
COG3533;Miscellaneous;Plant-Prokaryote DOE project;COG3533	33
Calvin-Benson_cycle;Carbohydrates;CO2 fixation;Calvin-Benson_cycle	152
Carboxysome;Carbohydrates;CO2 fixation;Carboxysome	117
Carnitine_Metabolism_in_Microorganisms;Fatty Acids, Lipids, and Isoprenoids;Fatty acids;Carnitine_Metabolism_in_Microorganisms	2
Carotenoids;Fatty Acids, Lipids, and Isoprenoids;Isoprenoids;Carotenoids	4
Catechol_branch_of_beta-ketoadipate_pathway;Metabolism of Aromatic Compounds;Metabolism of central aromatic intermediates;Catechol_branch_of_beta-ketoadipate_pathway	606
Cell_division-ribosomal_stress_proteins_cluster;Clustering-based subsystems;-;Cell_division-ribosomal_stress_proteins_cluster	2804
Cellulosome;Carbohydrates;Polysaccharides;Cellulosome	39
Chlorobenzoate_degradation;Metabolism of Aromatic Compounds;Peripheral pathways for catabolism of aromatic compounds;Chlorobenzoate_degradation	1
Chlorophyll_Biosynthesis;Cofactors, Vitamins, Prosthetic Groups, Pigments;Tetrapyrroles;Chlorophyll_Biosynthesis	9
Chorismate:_Intermediate_for_synthesis_of_Tryptophan,_PAPA_antibiotics,_PABA,_3-hydroxyanthranilate_and_more.;Amino Acids and Derivatives;Aromatic amino acids and derivatives;Chorismate:_Intermediate_for_synthesis_of_Tryptophan,_PAPA_antibiotics,_PABA,_3-hydroxyanthranilate_and_more.	951
Chorismate_Synthesis;Amino Acids and Derivatives;Aromatic amino acids and derivatives;Chorismate_Synthesis	1
Citrate_Utilization_System_(CitAB,_CitH,_and_tctABC);Membrane Transport;-;Citrate_Utilization_System_(CitAB,_CitH,_and_tctABC)	243
ClpS__and_metallo-protease_cluster_in_Cyanos_;Clustering-based subsystems;-;ClpS__and_metallo-protease_cluster_in_Cyanos_	1
Cluster-based_Subsystem_Grouping_Hypotheticals_-_perhaps_Proteosome_Related;Clustering-based subsystems;proteosome related;Cluster-based_Subsystem_Grouping_Hypotheticals_-_perhaps_Proteosome_Related	1265
Cluster_containing_CofD-like_protein_and_co-occuring_with_DNA_repair;Clustering-based subsystems;-;Cluster_containing_CofD-like_protein_and_co-occuring_with_DNA_repair	155
Cluster_with_phosphopentomutase_paralog;Clustering-based subsystems;-;Cluster_with_phosphopentomutase_paralog	1
Coenzyme_A_Biosynthesis;Cofactors, Vitamins, Prosthetic Groups, Pigments;Coenzyme A;Coenzyme_A_Biosynthesis	1843
Coenzyme_B12_biosynthesis;Cofactors, Vitamins, Prosthetic Groups, Pigments;Tetrapyrroles;Coenzyme_B12_biosynthesis	517
Competence_or_DNA_damage-inducible_protein_CinA_and_related_protein_families;Miscellaneous;Plant-Prokaryote DOE project;Competence_or_DNA_damage-inducible_protein_CinA_and_related_protein_families	2334
Conjugative_transfer;Membrane Transport;Protein and nucleoprotein secretion system, Type IV;Conjugative_transfer	46
Conjugative_transfer_related_cluster;Clustering-based subsystems;-;Conjugative_transfer_related_cluster	7
Conjugative_transposon,_Bacteroidales;Phages, Prophages, Transposable elements, Plasmids;Transposable elements;Conjugative_transposon,_Bacteroidales	24
Copper_homeostasis;Virulence, Disease and Defense;Resistance to antibiotics and toxic compounds;Copper_homeostasis	2
Creatine_and_Creatinine_Degradation;Amino Acids and Derivatives;-;Creatine_and_Creatinine_Degradation	4
Cyanate_hydrolysis;Nitrogen Metabolism;-;Cyanate_hydrolysis	204
Cysteine_Biosynthesis;Amino Acids and Derivatives;Lysine, threonine, methionine, and cysteine;Cysteine_Biosynthesis	1113
Cytochrome_B6-F_complex;Respiration;-;Cytochrome_B6-F_complex	1
D-Galacturonate_and_D-Glucuronate_Utilization;Carbohydrates;Monosaccharides;D-Galacturonate_and_D-Glucuronate_Utilization	68
D-Sorbitol(D-Glucitol)_and_L-Sorbose_Utilization;Carbohydrates;Monosaccharides;D-Sorbitol(D-Glucitol)_and_L-Sorbose_Utilization	6
D-galactarate,_D-glucarate_and_D-glycerate_catabolism;Carbohydrates;Monosaccharides;D-galactarate,_D-glucarate_and_D-glycerate_catabolism	507
DNA-replication;DNA Metabolism;DNA replication;DNA-replication	2334
DNA_repair,_UvrABC_system;DNA Metabolism;DNA repair;DNA_repair,_UvrABC_system	15148
DNA_repair,_bacterial;DNA Metabolism;DNA repair;DNA_repair,_bacterial	2334
DNA_repair,_bacterial_RecBCD_pathway;DNA Metabolism;DNA repair;DNA_repair,_bacterial_RecBCD_pathway	83
DNA_repair,_bacterial_RecFOR_pathway;DNA Metabolism;DNA repair;DNA_repair,_bacterial_RecFOR_pathway	2334
DNA_repair,_bacterial_UmuCD_system;DNA Metabolism;DNA repair;DNA_repair,_bacterial_UmuCD_system	2334
DNA_topoisomerases,_Type_II,_ATP-dependent;DNA Metabolism;DNA replication;DNA_topoisomerases,_Type_II,_ATP-dependent	1383
DedA_family_of_inner_membrane_proteins;Miscellaneous;-;DedA_family_of_inner_membrane_proteins	3
Dehydrogenase_complexes;Carbohydrates;Central carbohydrate metabolism;Dehydrogenase_complexes	3602
Denitrification;Nitrogen Metabolism;-;Denitrification	209
Dipicolinate_Synthesis;Dormancy and Sporulation;Spore DNA protection;Dipicolinate_Synthesis	1
Dissimilatory_nitrite_reductase;Nitrogen Metabolism;-;Dissimilatory_nitrite_reductase	1
Dot-Icm_type_IV_secretion_system;Membrane Transport;Protein and nucleoprotein secretion system, Type IV;Dot-Icm_type_IV_secretion_system	1
ECF_class_transporters;Membrane Transport;-;ECF_class_transporters	8
ESAT-6_proteins_secretion_system_in_Actinobacteria;Membrane Transport;Protein translocation across cytoplasmic membrane;ESAT-6_proteins_secretion_system_in_Actinobacteria	14
Entner-Doudoroff_Pathway;Carbohydrates;Central carbohydrate metabolism;Entner-Doudoroff_Pathway	197
Erythritol_utilization;Carbohydrates;Sugar alcohols;Erythritol_utilization	66
Ethylmalonyl-CoA_pathway_of_C2_assimilation;Carbohydrates;Central carbohydrate metabolism;Ethylmalonyl-CoA_pathway_of_C2_assimilation	2085
Exosome;RNA Metabolism;RNA processing and modification;Exosome	1
Experimental-COG2515;Miscellaneous;Plant-Prokaryote DOE project;Experimental-COG2515	245
Experimental-Ubiquinone_BiosynthesisVDC;Miscellaneous;Plant-Prokaryote DOE project;Experimental-Ubiquinone_BiosynthesisVDC	1
Experimental_-_Histidine_Degradation;Miscellaneous;Plant-Prokaryote DOE project;Experimental_-_Histidine_Degradation	5931
F0F1-type_ATP_synthase;Respiration;ATP synthases;F0F1-type_ATP_synthase	6117
Fatty_Acid_Biosynthesis_FASI;Fatty Acids, Lipids, and Isoprenoids;Fatty acids;Fatty_Acid_Biosynthesis_FASI	69
Fatty_Acid_Biosynthesis_FASII;Fatty Acids, Lipids, and Isoprenoids;Fatty acids;Fatty_Acid_Biosynthesis_FASII	4246
Fatty_acid_metabolism_cluster;Fatty Acids, Lipids, and Isoprenoids;Fatty acids;Fatty_acid_metabolism_cluster	5
Fermentations:_Lactate;Carbohydrates;Fermentation;Fermentations:_Lactate	2903
Fermentations:_Mixed_acid;Carbohydrates;Fermentation;Fermentations:_Mixed_acid	166
Flagellum;Motility and Chemotaxis;Flagellar motility in Prokaryota;Flagellum	2
Flavohaemoglobin;Stress Response;-;Flavohaemoglobin	188
Folate_Biosynthesis;Cofactors, Vitamins, Prosthetic Groups, Pigments;Folate and pterines;Folate_Biosynthesis	582
Formate_hydrogenase;Respiration;-;Formate_hydrogenase	276
G3E_family_of_P-loop_GTPases_(metallocenter_biosynthesis);Protein Metabolism;Protein processing and modification;G3E_family_of_P-loop_GTPases_(metallocenter_biosynthesis)	8651
Gene_Transfer_Agent;Phages, Prophages, Transposable elements, Plasmids;Gene Transfer Agent (GTA);Gene_Transfer_Agent	50
Glutamate-mediated_methylamine_utilization_pathway;Clustering-based subsystems;Methylamine utilization;Glutamate-mediated_methylamine_utilization_pathway	6065
Glutamate_and_Aspartate_uptake_in_Bacteria;Amino Acids and Derivatives;Glutamine, glutamate, aspartate, asparagine; ammonia assimilation;Glutamate_and_Aspartate_uptake_in_Bacteria	82
Glutamine,_Glutamate,_Aspartate_and_Asparagine_Biosynthesis;Amino Acids and Derivatives;Glutamine, glutamate, aspartate, asparagine; ammonia assimilation;Glutamine,_Glutamate,_Aspartate_and_Asparagine_Biosynthesis	6227
Glutamine_synthetases;Amino Acids and Derivatives;Glutamine, glutamate, aspartate, asparagine; ammonia assimilation;Glutamine_synthetases	162
Glutaredoxins;Stress Response;Oxidative stress;Glutaredoxins	4
Glutathione-dependent_pathway_of_formaldehyde_detoxification;Stress Response;Detoxification;Glutathione-dependent_pathway_of_formaldehyde_detoxification	817
Glutathione:_Redox_cycle;Stress Response;Oxidative stress;Glutathione:_Redox_cycle	4
Glycerate_metabolism;Carbohydrates;Organic acids;Glycerate_metabolism	393
Glycine_Biosynthesis;Amino Acids and Derivatives;Alanine, serine, and glycine;Glycine_Biosynthesis	2993
Glycine_and_Serine_Utilization;Amino Acids and Derivatives;Alanine, serine, and glycine;Glycine_and_Serine_Utilization	5434
Glycine_cleavage_system;Amino Acids and Derivatives;Alanine, serine, and glycine;Glycine_cleavage_system	2440
Glycogen_metabolism;Carbohydrates;Polysaccharides;Glycogen_metabolism	7772
Glycogen_metabolism_cluster;Clustering-based subsystems;-;Glycogen_metabolism_cluster	7772
Glyoxylate_bypass;Carbohydrates;Central carbohydrate metabolism;Glyoxylate_bypass	1817
Gram-Positive_Extracellular_Nucleases;Virulence, Disease and Defense;Invasion and intracellular resistance;Gram-Positive_Extracellular_Nucleases	1
Gram_Positive_Competence;DNA Metabolism;DNA uptake, competence;Gram_Positive_Competence	1
GroEL_GroES;Protein Metabolism;Protein folding;GroEL_GroES	6744
H2:CoM-S-S-HTP_oxidoreductase;Respiration;Electron donating reactions;H2:CoM-S-S-HTP_oxidoreductase	1
HMG_CoA_Synthesis;Amino Acids and Derivatives;Branched-chain amino acids;HMG_CoA_Synthesis	2539
Heat_shock_dnaK_gene_cluster_extended;Stress Response;Heat shock;Heat_shock_dnaK_gene_cluster_extended	9957
Heme,_hemin_uptake_and_utilization_systems_in_GramPositives;Iron acquisition and metabolism;-;Heme,_hemin_uptake_and_utilization_systems_in_GramPositives	2
Heme_and_Siroheme_Biosynthesis;Cofactors, Vitamins, Prosthetic Groups, Pigments;Tetrapyrroles;Heme_and_Siroheme_Biosynthesis	336
Heme_biosynthesis_orphans;Cofactors, Vitamins, Prosthetic Groups, Pigments;Tetrapyrroles;Heme_biosynthesis_orphans	1
Histidine_Degradation;Amino Acids and Derivatives;Histidine Metabolism;Histidine_Degradation	2938
Hydrogenases;Respiration;Electron donating reactions;Hydrogenases	1393
Inorganic_Sulfur_Assimilation;Sulfur Metabolism;Inorganic sulfur assimilation;Inorganic_Sulfur_Assimilation	1113
Inositol_catabolism;Carbohydrates;Sugar alcohols;Inositol_catabolism	190
Iojap;Miscellaneous;Plant-Prokaryote DOE project;Iojap	4121
Iron-sulfur_cluster_assembly;Miscellaneous;Plant-Prokaryote DOE project;Iron-sulfur_cluster_assembly	2755
Ketoisovalerate_oxidoreductase;Amino Acids and Derivatives;Branched-chain amino acids;Ketoisovalerate_oxidoreductase	6881
L-Arabinose_utilization;Carbohydrates;Monosaccharides;L-Arabinose_utilization	97
L-ascorbate_utilization_(and_related_gene_clusters);Carbohydrates;Monosaccharides;L-ascorbate_utilization_(and_related_gene_clusters)	7
L-fucose_utilization;Carbohydrates;Monosaccharides;L-fucose_utilization	84
L-rhamnose_utilization;Carbohydrates;Monosaccharides;L-rhamnose_utilization	645
LMPTP_YwlE_cluster;Clustering-based subsystems;-;LMPTP_YwlE_cluster	4871
LOS_core_oligosaccharide_biosynthesis;Cell Wall and Capsule;Gram-Negative cell wall components;LOS_core_oligosaccharide_biosynthesis	1042
Leucine_Degradation_and_HMG-CoA_Metabolism;Amino Acids and Derivatives;Branched-chain amino acids;Leucine_Degradation_and_HMG-CoA_Metabolism	3145
Lignine_biosynthesis;Secondary Metabolism;Biosynthesis of phenylpropanoids;Lignine_biosynthesis	3
Lysine_Biosynthesis_DAP_Pathway;Amino Acids and Derivatives;Lysine, threonine, methionine, and cysteine;Lysine_Biosynthesis_DAP_Pathway	1
Lysine_degradation;Amino Acids and Derivatives;Lysine, threonine, methionine, and cysteine;Lysine_degradation	374
Lysine_fermentation;Amino Acids and Derivatives;Lysine, threonine, methionine, and cysteine;Lysine_fermentation	185
Malonate_decarboxylase;Carbohydrates;Organic acids;Malonate_decarboxylase	48
Mannose_Metabolism;Carbohydrates;Monosaccharides;Mannose_Metabolism	10
Menaquinone_and_Phylloquinone_Biosynthesis;Cofactors, Vitamins, Prosthetic Groups, Pigments;Quinone cofactors;Menaquinone_and_Phylloquinone_Biosynthesis	592
Methionine_Biosynthesis;Amino Acids and Derivatives;Lysine, threonine, methionine, and cysteine;Methionine_Biosynthesis	3998
Methionine_Degradation;Amino Acids and Derivatives;Lysine, threonine, methionine, and cysteine;Methionine_Degradation	7600
Methylcitrate_cycle;Carbohydrates;Organic acids;Methylcitrate_cycle	1930
Na(+)-translocating_NADH-quinone_oxidoreductase_and_rnf-like_group_of_electron_transport_complexes;Respiration;Electron donating reactions;Na(+)-translocating_NADH-quinone_oxidoreductase_and_rnf-like_group_of_electron_transport_complexes	3
Na+_translocating_decarboxylases_and_related_biotin-dependent_enzymes;Respiration;Sodium Ion-Coupled Energetics;Na+_translocating_decarboxylases_and_related_biotin-dependent_enzymes	6
Naphtalene_and_antracene_degradation;Metabolism of Aromatic Compounds;Peripheral pathways for catabolism of aromatic compounds;Naphtalene_and_antracene_degradation	6
NiFe_hydrogenase_maturation;Respiration;Electron donating reactions;NiFe_hydrogenase_maturation	586
Nitrate_and_nitrite_ammonification;Nitrogen Metabolism;-;Nitrate_and_nitrite_ammonification	965
Nitrogen_fixation;Nitrogen Metabolism;-;Nitrogen_fixation	1
Nitrosative_stress;Nitrogen Metabolism;-;Nitrosative_stress	188
Novel_non-oxidative_pathway_of_Uracil_catabolism;Nucleosides and Nucleotides;Pyrimidines;Novel_non-oxidative_pathway_of_Uracil_catabolism	1362
Nucleolar_protein_complex;Protein Metabolism;Protein biosynthesis;Nucleolar_protein_complex	307
Nudix_proteins_(nucleoside_triphosphate_hydrolases);Nucleosides and Nucleotides;Detoxification;Nudix_proteins_(nucleoside_triphosphate_hydrolases)	4
Oxidative_stress;Stress Response;Oxidative stress;Oxidative_stress	3263
PA0057_cluster;Clustering-based subsystems;-;PA0057_cluster	1
PFGI-1-like_cluster_1;Clustering-based subsystems;-;PFGI-1-like_cluster_1	1
PFGI-1-like_cluster_2;Clustering-based subsystems;-;PFGI-1-like_cluster_2	1
PROSC;Miscellaneous;Plant-Prokaryote DOE project;PROSC	2993
Particulate_methane_monooxygenase_(pMMO);Carbohydrates;Central carbohydrate metabolism;Particulate_methane_monooxygenase_(pMMO)	3
Pentose_phosphate_pathway;Carbohydrates;Central carbohydrate metabolism;Pentose_phosphate_pathway	2903
Peptidoglycan_Biosynthesis;Cell Wall and Capsule;-;Peptidoglycan_Biosynthesis	162
Pertussis_toxin;Virulence, Disease and Defense;Toxins and superantigens;Pertussis_toxin	6
Phage_packaging_machinery;Phages, Prophages, Transposable elements, Plasmids;Phages, Prophages;Phage_packaging_machinery	1
Phenol_hydroxylase;Metabolism of Aromatic Compounds;Peripheral pathways for catabolism of aromatic compounds;Phenol_hydroxylase	6
Phenylacetyl-CoA_catabolic_pathway_(core);Metabolism of Aromatic Compounds;-;Phenylacetyl-CoA_catabolic_pathway_(core)	844
Phenylalanine_and_Tyrosine_Branches_from_Chorismate;Amino Acids and Derivatives;Aromatic amino acids and derivatives;Phenylalanine_and_Tyrosine_Branches_from_Chorismate	1
Phosphate-binding_DING_proteins;Phosphorus Metabolism;-;Phosphate-binding_DING_proteins	3
Phosphate_metabolism;Phosphorus Metabolism;-;Phosphate_metabolism	3639
Photorespiration_(oxidative_C2_cycle);Carbohydrates;CO2 fixation;Photorespiration_(oxidative_C2_cycle)	9138
Photosystem_I;Photosynthesis;Electron transport and photophosphorylation;Photosystem_I	1
Photosystem_II;Photosynthesis;Electron transport and photophosphorylation;Photosystem_II	3
Photosystem_II-type_photosynthetic_reaction_center;Photosynthesis;Electron transport and photophosphorylation;Photosystem_II-type_photosynthetic_reaction_center	3
Plasmid-encoded_T-DNA_transfer;Phages, Prophages, Transposable elements, Plasmids;Plasmid related functions;Plasmid-encoded_T-DNA_transfer	6
Plasmid_replication;DNA Metabolism;DNA replication;Plasmid_replication	5
Polyamine_Metabolism;Amino Acids and Derivatives;Arginine; urea cycle, polyamines;Polyamine_Metabolism	532
Polyprenyl_Diphosphate_Biosynthesis;Fatty Acids, Lipids, and Isoprenoids;Isoprenoids;Polyprenyl_Diphosphate_Biosynthesis	4
Potassium_homeostasis;Potassium metabolism;-;Potassium_homeostasis	502
Propanediol_utilization;Carbohydrates;Sugar alcohols;Propanediol_utilization	4
Propionate-CoA_to_Succinate_Module;Carbohydrates;Organic acids;Propionate-CoA_to_Succinate_Module	1951
Propionyl-CoA_to_Succinyl-CoA_Module;Carbohydrates;Organic acids;Propionyl-CoA_to_Succinyl-CoA_Module	7052
Proteasome_archaeal;Protein Metabolism;Protein degradation;Proteasome_archaeal	1265
Proteasome_bacterial;Protein Metabolism;Protein degradation;Proteasome_bacterial	5220
Proteasome_eukaryotic;Protein Metabolism;Protein degradation;Proteasome_eukaryotic	2
Protection_from_Reactive_Oxygen_Species;Stress Response;Oxidative stress;Protection_from_Reactive_Oxygen_Species	3263
Protein_Acetylation_and_Deacetylation_in_Bacteria;Protein Metabolism;Protein processing and modification;Protein_Acetylation_and_Deacetylation_in_Bacteria	6881
Protein_YjgK_cluster_linked_to_biofilm_formation;Regulation and Cell signaling;Quorum sensing and biofilm formation;Protein_YjgK_cluster_linked_to_biofilm_formation	3
Protein_chaperones;Protein Metabolism;Protein folding;Protein_chaperones	12730
Protein_degradation;Protein Metabolism;Protein degradation;Protein_degradation	1
Proteolysis_in_bacteria,_ATP-dependent;Protein Metabolism;Protein degradation;Proteolysis_in_bacteria,_ATP-dependent	11296
Proteorhodopsin;Photosynthesis;-;Proteorhodopsin	1
Protocatechuate_branch_of_beta-ketoadipate_pathway;Metabolism of Aromatic Compounds;Metabolism of central aromatic intermediates;Protocatechuate_branch_of_beta-ketoadipate_pathway	606
Purine_Utilization;Nucleosides and Nucleotides;Purines;Purine_Utilization	2
Purine_conversions;Nucleosides and Nucleotides;Purines;Purine_conversions	239
Putative_diaminopropionate_ammonia-lyase_cluster;Clustering-based subsystems;Clustering-based subsystems;Putative_diaminopropionate_ammonia-lyase_cluster	2
Putative_sulfate_assimilation_cluster;Clustering-based subsystems;-;Putative_sulfate_assimilation_cluster	22
Pyridoxin_(Vitamin_B6)_Biosynthesis;Cofactors, Vitamins, Prosthetic Groups, Pigments;Pyridoxine;Pyridoxin_(Vitamin_B6)_Biosynthesis	1097
Pyruvate_Alanine_Serine_Interconversions;Carbohydrates;Central carbohydrate metabolism;Pyruvate_Alanine_Serine_Interconversions	1
Pyruvate_metabolism_I:_anaplerotic_reactions,_PEP;Carbohydrates;Central carbohydrate metabolism;Pyruvate_metabolism_I:_anaplerotic_reactions,_PEP	1793
Pyruvate_metabolism_II:_acetyl-CoA,_acetogenesis_from_pyruvate;Carbohydrates;Central carbohydrate metabolism;Pyruvate_metabolism_II:_acetyl-CoA,_acetogenesis_from_pyruvate	10483
Quinate_degradation;Metabolism of Aromatic Compounds;Peripheral pathways for catabolism of aromatic compounds;Quinate_degradation	1
Quorum_sensing_regulation_in_Pseudomonas;Regulation and Cell signaling;Quorum sensing and biofilm formation;Quorum_sensing_regulation_in_Pseudomonas	1
RNA_methylation;RNA Metabolism;RNA processing and modification;RNA_methylation	8
RNA_polymerase_I;RNA Metabolism;Transcription;RNA_polymerase_I	1
RNA_polymerase_III;RNA Metabolism;Transcription;RNA_polymerase_III	4
RNA_polymerase_archaeal;RNA Metabolism;Transcription;RNA_polymerase_archaeal	106
RNA_polymerase_bacterial;RNA Metabolism;Transcription;RNA_polymerase_bacterial	14213
RNA_polymerase_chloroplast;RNA Metabolism;Transcription;RNA_polymerase_chloroplast	6
RNA_processing_and_degradation,_bacterial;RNA Metabolism;RNA processing and modification;RNA_processing_and_degradation,_bacterial	2
Regulation_of_Oxidative_Stress_Response;Stress Response;Oxidative stress;Regulation_of_Oxidative_Stress_Response	1913
Resistance_to_Vancomycin;Virulence, Disease and Defense;Resistance to antibiotics and toxic compounds;Resistance_to_Vancomycin	366
Resistance_to_fluoroquinolones;Virulence, Disease and Defense;Resistance to antibiotics and toxic compounds;Resistance_to_fluoroquinolones	1383
Respiratory_Complex_I;Respiration;Electron donating reactions;Respiratory_Complex_I	1515
Rhamnolipids_in_Pseudomonas;Motility and Chemotaxis;Social motility and nonflagellar swimming in bacteria;Rhamnolipids_in_Pseudomonas	1
Ribonucleotide_reductase_cluster;Clustering-based subsystems;-;Ribonucleotide_reductase_cluster	886
Ribonucleotide_reduction;Nucleosides and Nucleotides;-;Ribonucleotide_reduction	918
Ribosomal_protein_S12p_Asp_methylthiotransferase;Protein Metabolism;Protein processing and modification;Ribosomal_protein_S12p_Asp_methylthiotransferase	620
Ribosome_LSU_bacterial;Protein Metabolism;Protein biosynthesis;Ribosome_LSU_bacterial	2389
Ribosome_LSU_chloroplast;Protein Metabolism;Protein biosynthesis;Ribosome_LSU_chloroplast	6
Ribosome_LSU_eukaryotic_and_archaeal;Protein Metabolism;Protein biosynthesis;Ribosome_LSU_eukaryotic_and_archaeal	1
Ribosome_LSU_mitochondrial;Protein Metabolism;Protein biosynthesis;Ribosome_LSU_mitochondrial	1
Ribosome_SSU_bacterial;Protein Metabolism;Protein biosynthesis;Ribosome_SSU_bacterial	3962
Ribosome_SSU_chloroplast;Protein Metabolism;Protein biosynthesis;Ribosome_SSU_chloroplast	2
Ribosome_SSU_eukaryotic_and_archaeal;Protein Metabolism;Protein biosynthesis;Ribosome_SSU_eukaryotic_and_archaeal	10
Ribosome_SSU_mitochondrial;Protein Metabolism;Protein biosynthesis;Ribosome_SSU_mitochondrial	3
Rrf2_family_transcriptional_regulators;RNA Metabolism;Transcription;Rrf2_family_transcriptional_regulators	1
Salicylic_acid_biosynthesis1;Secondary Metabolism;Biosynthesis of phenylpropanoids;Salicylic_acid_biosynthesis1	4
Serine-glyoxylate_cycle;Carbohydrates;One-carbon Metabolism;Serine-glyoxylate_cycle	25627
Serine_Biosynthesis;Amino Acids and Derivatives;Alanine, serine, and glycine;Serine_Biosynthesis	2993
Sialic_Acid_Metabolism;Cell Wall and Capsule;Capsular and extracellular polysacchrides;Sialic_Acid_Metabolism	1
Siderophore_Achromobactin;Iron acquisition and metabolism;Siderophores;Siderophore_Achromobactin	4
Siderophore_Anthrachelin;Iron acquisition and metabolism;Siderophores;Siderophore_Anthrachelin	2
Siderophore_Desferrioxamine_E;Iron acquisition and metabolism;Siderophores;Siderophore_Desferrioxamine_E	2
Siderophore_Pyoverdine;Iron acquisition and metabolism;Siderophores;Siderophore_Pyoverdine	23
Siderophore_[Alcaligin-like];Iron acquisition and metabolism;Siderophores;Siderophore_[Alcaligin-like]	5
Siderophore_assembly_kit;Iron acquisition and metabolism;Siderophores;Siderophore_assembly_kit	5
Siderophore_pyochelin;Iron acquisition and metabolism;Siderophores;Siderophore_pyochelin	2
Single-Rhodanese-domain_proteins;Miscellaneous;Plant-Prokaryote DOE project;Single-Rhodanese-domain_proteins	22
Small_acid-soluble_spore_proteins;Dormancy and Sporulation;Spore DNA protection;Small_acid-soluble_spore_proteins	1
Soluble_cytochromes_and_functionally_related_electron_carriers;Respiration;-;Soluble_cytochromes_and_functionally_related_electron_carriers	3
Soluble_methane_monooxygenase_(sMMO);Carbohydrates;Central carbohydrate metabolism;Soluble_methane_monooxygenase_(sMMO)	88
Spliceosome;RNA Metabolism;RNA processing and modification;Spliceosome	4
Spore_Coat;Clustering-based subsystems;-;Spore_Coat	1
Spore_germination;Dormancy and Sporulation;-;Spore_germination	1
Spore_pigment_biosynthetic_cluster_in_Actinomycetes;Dormancy and Sporulation;-;Spore_pigment_biosynthetic_cluster_in_Actinomycetes	4
Sporulation-related_Hypotheticals;Clustering-based subsystems;Clustering-based subsystems;Sporulation-related_Hypotheticals	1
Sporulation_Cluster_III_A;Dormancy and Sporulation;-;Sporulation_Cluster_III_A	1
Sporulation_gene_orphans;Dormancy and Sporulation;-;Sporulation_gene_orphans	11
Staphylococcal_pathogenicity_islands_SaPI;Phages, Prophages, Transposable elements, Plasmids;Pathogenicity islands;Staphylococcal_pathogenicity_islands_SaPI	6744
Staphylococcal_phi-Mu50B-like_prophages;Phages, Prophages, Transposable elements, Plasmids;Phages, Prophages;Staphylococcal_phi-Mu50B-like_prophages	2754
Suberine_biosynthesis;Secondary Metabolism;Biosynthesis of phenylpropanoids;Suberine_biosynthesis	3
Succinate_dehydrogenase;Respiration;Electron donating reactions;Succinate_dehydrogenase	5396
Sugar_utilization_in_Thermotogales;Carbohydrates;-;Sugar_utilization_in_Thermotogales	1342
Sulfate_reduction-associated_complexes;Sulfur Metabolism;-;Sulfate_reduction-associated_complexes	3
Synechocystis_experimental;Miscellaneous;Plant-Prokaryote DOE project;Synechocystis_experimental	553
TCA_Cycle;Carbohydrates;Central carbohydrate metabolism;TCA_Cycle	9987
Terminal_cytochrome_C_oxidases;Respiration;Electron accepting reactions;Terminal_cytochrome_C_oxidases	584
Terminal_cytochrome_O_ubiquinol_oxidase;Respiration;Electron accepting reactions;Terminal_cytochrome_O_ubiquinol_oxidase	194
Terminal_cytochrome_oxidases;Respiration;Electron accepting reactions;Terminal_cytochrome_oxidases	194
Thiamin_biosynthesis;Cofactors, Vitamins, Prosthetic Groups, Pigments;-;Thiamin_biosynthesis	2030
Threonine_anaerobic_catabolism_gene_cluster;Amino Acids and Derivatives;Lysine, threonine, methionine, and cysteine;Threonine_anaerobic_catabolism_gene_cluster	1
Threonine_degradation;Amino Acids and Derivatives;Lysine, threonine, methionine, and cysteine;Threonine_degradation	184
Ton_and_Tol_transport_systems;Membrane Transport;-;Ton_and_Tol_transport_systems	1
Trans-envelope_signaling_system_VreARI_in_Pseudomonas;Regulation and Cell signaling;-;Trans-envelope_signaling_system_VreARI_in_Pseudomonas	3
Transcription_factors_bacterial;RNA Metabolism;Transcription;Transcription_factors_bacterial	2460
Transcription_factors_cyanobacterial_RpoD-like_sigma_factors;RNA Metabolism;Transcription;Transcription_factors_cyanobacterial_RpoD-like_sigma_factors	4
Transcription_initiation,_bacterial_sigma_factors;RNA Metabolism;Transcription;Transcription_initiation,_bacterial_sigma_factors	69
Translation_elongation_factors_bacterial;Protein Metabolism;Protein biosynthesis;Translation_elongation_factors_bacterial	7846
Translation_elongation_factors_eukaryotic_and_archaeal;Protein Metabolism;Protein biosynthesis;Translation_elongation_factors_eukaryotic_and_archaeal	26
Translation_termination_factors_bacterial;Protein Metabolism;Protein biosynthesis;Translation_termination_factors_bacterial	1878
Transport_of_Iron;Iron acquisition and metabolism;-;Transport_of_Iron	1
Transport_of_Manganese;Membrane Transport;-;Transport_of_Manganese	35
Transport_of_Nickel_and_Cobalt;Membrane Transport;-;Transport_of_Nickel_and_Cobalt	4
Trehalose_Biosynthesis;Carbohydrates;Di- and oligosaccharides;Trehalose_Biosynthesis	11193
Type_4_conjugative_transfer_system,_IncI1_type;Membrane Transport;Protein and nucleoprotein secretion system, Type IV;Type_4_conjugative_transfer_system,_IncI1_type	2
Type_VI_secretion_systems;Membrane Transport;Protein secretion system, Type VI;Type_VI_secretion_systems	7335
USS-DB-7;Clustering-based subsystems;-;USS-DB-7	7335
Ubiquinone_Biosynthesis;Cofactors, Vitamins, Prosthetic Groups, Pigments;Quinone cofactors;Ubiquinone_Biosynthesis	1
Ubiquinone_Menaquinone-cytochrome_c_reductase_complexes;Respiration;Electron accepting reactions;Ubiquinone_Menaquinone-cytochrome_c_reductase_complexes	383
Universal_GTPases;Protein Metabolism;Protein biosynthesis;Universal_GTPases	7874
Urea_carboxylase_and_Allophanate_hydrolase_cluster;Amino Acids and Derivatives;Arginine; urea cycle, polyamines;Urea_carboxylase_and_Allophanate_hydrolase_cluster	1
Urea_decomposition;Amino Acids and Derivatives;Arginine; urea cycle, polyamines;Urea_decomposition	2489
Urease_subunits;Amino Acids and Derivatives;Arginine; urea cycle, polyamines;Urease_subunits	1515
V-Type_ATP_synthase;Respiration;ATP synthases;V-Type_ATP_synthase	175
Vir-like_type_4_secretion_system;Membrane Transport;Protein and nucleoprotein secretion system, Type IV;Vir-like_type_4_secretion_system	6
Xyloglucan_Utilization;Carbohydrates;Polysaccharides;Xyloglucan_Utilization	58
Xylose_utilization;Carbohydrates;Monosaccharides;Xylose_utilization	1589
YgfZ;Cofactors, Vitamins, Prosthetic Groups, Pigments;Folate and pterines;YgfZ	957
YgfZ-Iron;Cofactors, Vitamins, Prosthetic Groups, Pigments;Folate and pterines;YgfZ-Iron	243
YrdC-YciO-Sua5_protein_family;Miscellaneous;Plant-Prokaryote DOE project;YrdC-YciO-Sua5_protein_family	4871
ZZ_gjo_need_homes;Miscellaneous;-;ZZ_gjo_need_homes	2
Zinc_regulated_enzymes;Regulation and Cell signaling;-;Zinc_regulated_enzymes	1
eukaryotic_rRNA_modification_and_related_functions;RNA Metabolism;RNA processing and modification;eukaryotic_rRNA_modification_and_related_functions	307
mycolic_acid_synthesis;Cell Wall and Capsule;Cell wall of Mycobacteria;mycolic_acid_synthesis	201
p-cymene_degradation;Metabolism of Aromatic Compounds;-;p-cymene_degradation	2
polyprenyl_synthesis;Fatty Acids, Lipids, and Isoprenoids;Isoprenoids;polyprenyl_synthesis	1
pyrimidine_conversions;Nucleosides and Nucleotides;Pyrimidines;pyrimidine_conversions	1593
tRNA_aminoacylation,_Arg;Protein Metabolism;Protein biosynthesis;tRNA_aminoacylation,_Arg	2
tRNA_aminoacylation,_Glu_and_Gln;Protein Metabolism;Protein biosynthesis;tRNA_aminoacylation,_Glu_and_Gln	1956
tRNA_aminoacylation,_Gly;Protein Metabolism;Protein biosynthesis;tRNA_aminoacylation,_Gly	813
tRNA_aminoacylation,_Tyr;Protein Metabolism;Protein biosynthesis;tRNA_aminoacylation,_Tyr	1
tRNA_modification_Archaea;RNA Metabolism;RNA processing and modification;tRNA_modification_Archaea	1
tRNA_modification_Bacteria;RNA Metabolism;RNA processing and modification;tRNA_modification_Bacteria	2754
tRNAs;Protein Metabolism;Protein biosynthesis;tRNAs	12
trimethylamine_N-oxide_(TMAO)_reductase;Respiration;Electron accepting reactions;trimethylamine_N-oxide_(TMAO)_reductase	17
