SampleID	CPER_002-M-20130701
Abida	1
Abies	1
Abiotrophia	388
Abrodictyum	1
Absidia	1
Acanthamoeba	53
Acanthocardia	17
Acanthocyclops	1
Acanthopagrus	1
Acanthoscurria	3
Acaryochloris	8720
Acaulospora	1
Acetabularia	10
Acetivibrio	1530
Acetobacter	2176
Acetobacterium	9
Acetohalobium	2310
Achatina	1
Achnanthes	1
Acholeplasma	245
Achromobacter	15239
Acidaminococcus	2015
Acidianus	6
Acidilobus	353
Acidimicrobium	18832
Acidiphilium	13732
Acidithiobacillus	6231
Acidithiomicrobium	39
Acidobacterium	40331
Acidocella	2
Acidomonas	3
Acidothermus	58559
Acidovorax	19642
Aciduliprofundum	707
Acinetobacter	5652
Acipenser	1
Acorus	1
Acrasis	1
Acremonium	3
Acrobeloides	5
Acrochaete	1
Acrochordus	1
Acropora	1
Acrospermum	1
Acrostichus	1
Actias	1
Actinidia	1
Actinoallomurus	6
Actinobacillus	1380
Actinobaculum	18
Actinocorallia	8
Actinokineospora	15
Actinomadura	396
Actinomyces	11266
Actinoplanes	1481
Actinopolyspora	1
Actinosynnema	51980
Actinotalea	9
Actinote	1
Acyrthosiphon	196
Adiantum	14
Adineta	34
Advenella	4
Aedes	616
Aegilops	10
Aeribacillus	1
Aerococcus	332
Aeromicrobium	8329
Aeromonas	3978
Aeropyrum	1475
Afifella	11
Afipia	9467
Agaricus	19
Agarivorans	1
Agathiphaga	1
Agathis	1
Aggregatibacter	564
Agonimia	1
Agrobacterium	20291
Agrococcus	1
Agrocybe	1
Agromyces	19
Agropyron	1
Agrostis	2
Agrotis	2
Ahrensia	1656
Ailuropoda	219
Ajellomyces	2884
Akkermansia	10603
Albidiferax	9778
Alcaligenes	58
Alcanivorax	3502
Aleurochiton	1
Alexandrium	2
Algoriphagus	4290
Alicycliphilus	3919
Alicyclobacillus	10179
Aliivibrio	906
Aliquandostipite	2
Alistipes	1716
Alkalilimnicola	6633
Alkalimonas	3
Alkaliphilus	6803
Alligator	1
Allium	4
Allochromatium	4337
Allomyces	11
Alnus	5
Alphabaculovirus	5
Alphalipothrixvirus	4
Alpheus	1
Alternanthera	1
Alternaria	19
Alteromonas	1996
Alvinella	1
Alyxoria	1
Amanita	2
Amaranthus	7
Amasonia	1
Amblyomma	4
Amborella	1
Ambystoma	3
Amia	5
Aminobacter	24
Aminobacterium	1517
Aminomonas	1680
Amiota	1
Ammi	1
Ammonifex	6464
Ammopiptanthus	5
Amphibacillus	1
Amphidinium	5
Amphiprion	2
Amphithyrus	1
Amycolatopsis	79371
Amylomyces	1
Anabaena	24919
Anacampsis	1
Anaerobaculum	2504
Anaerobranca	2
Anaerococcus	912
Anaerofustis	372
Anaerolinea	12535
Anaeromyxobacter	81372
Anaerostipes	460
Anaerotruncus	1183
Ananas	1
Anaplasma	754
Anapochrysa	1
Anaptychia	1
Anas	4
Ancylobacter	5
Androctonus	1
Andropogon	1
Androsace	1
Aneura	2
Aneurinibacillus	28
Angiopteris	9
Anguilla	3
Annona	1
Anodonthyla	1
Anomochloa	1
Anopheles	636
Anophryoides	1
Anoplopoma	12
Anoxybacillus	3045
Anser	3
Antheraea	1
Anthoceros	20
Anthopleura	3
Anticarsia	3
Antipaluria	1
Antirrhinum	2
Antonospora	2
Apalocnemis	1
Aphanarthrum	1
Aphanizomenon	56
Aphanomyces	1
Aphanothece	4
Aphelenchus	2
Apis	300
Apium	1
Aplysia	3
Apolpium	1
Apostichopus	2
Apteryx	4
Apus	4
Aquabacterium	11
Aquamicrobium	5
Aquifex	5639
Aquimarina	1
Aquincola	1
Ara	1
Arabidopsis	3900
Arachis	5
Arachniotus	1
Arcanobacterium	1148
Archaeoglobus	3180
Arcobacter	1011
Arenicola	1
Argiope	2
Argopecten	1
Argyrosomus	1
Arhodomonas	1
Aristolochia	1
Armadillidium	1
Armillaria	2
Armillifer	1
Aromatoleum	13814
Arsenophonus	118
Artemia	5
Artemisia	1
Arthrobacter	53704
Arthroderma	1371
Arthrospira	5653
Asaia	6
Ascaris	15
Ascidia	2
Ascobolus	14
Asfivirus	14
Asimina	1
Asparagopsis	1
Asparagus	3
Aspergillus	13002
Aspicilia	1
Asterocampa	1
Asticcacaulis	3210
Astragalus	1
Astrangia	1
Astyanax	1
Asymmetron	1
Athalia	3
Atopobium	2084
Atrina	4
Atriplex	4
Atropa	1
Aurantimonas	8588
Aurelia	1
Aureobasidium	4
Aureococcus	4
Australopyrum	1
Australysmus	1
Autographa	1
Aviadenovirus	2
Avibacterium	5
Avicennia	1
Awaous	1
Axinella	2
Azoarcus	10272
Azohydromonas	9
Azorhizobium	19267
Azospira	2
Azospirillum	15765
Azotobacter	6062
Babesia	28
Bacillus	70867
Bacopa	1
Bacteriovorax	1542
Bacteroides	19006
Bagnisiella	1
Baileya	1
Balaenoptera	2
Balanus	1
Bambusa	2
Bangiopsis	1
Barbarea	1
Barssia	2
Bartonella	2254
Basfia	464
Basidiobolus	2
Bathygadus	1
Bathymodiolus	1
Bdellovibrio	6313
Beggiatoa	4184
Beijerinckia	6708
Bellotia	1
Bergeyella	5
Bermanella	645
Beta	8
Betabaculovirus	5
Betaentomopoxvirus	1
Betula	2
Beutenbergia	22535
Bibersteinia	6
Bicaudavirus	2
Bicyclus	1
Bifidobacterium	7256
Bigelowiella	15
Bilobella	1
Bilophila	1028
Bionectria	1
Bispora	2
Blaps	1
Blastobacter	1
Blastobotrys	4
Blastochloris	60
Blastocladiella	2
Blastocystis	84
Blastophaga	1
Blastopirellula	23173
Blattabacterium	260
Blattella	4
Blautia	1831
Blomia	1
Blumeria	5
Bodo	4
Bodomorpha	2
Boeremia	1
Bogoriella	2
Bolbocoleon	1
Boletus	1
Bolitoglossa	1
Bombardia	1
Bombina	1
Bombyx	41
Boodlea	1
Bordetella	25506
Boreoplaca	1
Borrelia	906
Bos	876
Bosea	24
Bothrops	2
Botrylloides	1
Botryococcus	6
Botryosphaeria	1
Botryotinia	1844
Bougainvillea	1
Bouteloua	10
Bowmanella	1
Bpp-1-like viruses	12
Brachionus	9
Brachybacterium	5345
Brachylophus	1
Brachymonas	25
Brachypodium	8
Brachyspira	1424
Bradypus	1
Bradyrhizobium	193694
Branchiostoma	1203
Brassica	58
Brenneria	1
Brettanomyces	1
Brevibacillus	7984
Brevibacterium	7863
Brevundimonas	5666
Brochothrix	2
Brucella	8248
Brugia	169
Bryopsis	8
Buchnera	435
Bufo	2
Bulleidia	140
Bulnesia	1
Bungarus	2
Burkholderia	127113
Bursaphelenchus	5
Buttiauxella	1
Butyricicoccus	1
Butyrivibrio	862
Byssochlamys	4
Cadophora	7
Caenorhabditis	1576
Cafeteria	2
Calceolaria	1
Caldanaerobacter	8783
Caldanaerobius	20
Caldibacillus	10
Caldicellulosiruptor	8134
Calditerrivibrio	1677
Caldivirga	663
Caldococcus	1
Caligus	31
Callinectes	2
Callithrix	6
Callitropsis	1
Callosobruchus	3
Callyspongia	1
Caloplaca	1
Caloramator	1
Caloscypha	1
Calothrix	51
Calycanthus	1
Calycobolus	2
Camallanus	1
Cambarincola	1
Camellia	7
Caminibacter	250
Camponotus	119
Camptotheca	8
Campylobacter	2935
Canavalia	2
Candida	276
Candidatus Accumulibacter	7259
Candidatus Amoebophilus	935
Candidatus Azobacteroides	170
Candidatus Blochmannia	126
Candidatus Caldiarchaeum	100
Candidatus Carsonella	2
Candidatus Chloracidobacterium	25
Candidatus Cloacamonas	723
Candidatus Desulforudis	6740
Candidatus Endobugula	9
Candidatus Fritschea	1
Candidatus Glomeribacter	1
Candidatus Hamiltonella	157
Candidatus Hodgkinia	4
Candidatus Korarchaeum	956
Candidatus Koribacter	73930
Candidatus Kuenenia	5477
Candidatus Liberibacter	137
Candidatus Magnetobacterium	24
Candidatus Micrarchaeum	173
Candidatus Midichloria	2
Candidatus Nicolleia	1
Candidatus Nitrosocaldus	1
Candidatus Odyssella	64
Candidatus Paenicardinium	1
Candidatus Parvarchaeum	120
Candidatus Pelagibacter	2276
Candidatus Phytoplasma	144
Candidatus Portiera	1
Candidatus Protochlamydia	2746
Candidatus Puniceispirillum	1948
Candidatus Regiella	133
Candidatus Rhodoluna	3
Candidatus Riesia	23
Candidatus Solibacter	210084
Candidatus Sulcia	81
Candidatus Tremblaya	1
Canis	562
Capitella	1
Capnocytophaga	1637
Capnodium	6
Capra	6
Capronia	2
Capsaspora	510
Capsella	2
Capsicum	9
Caragana	3
Carapus	2
Carassius	4
Carbophilus	1
Carboxydothermus	11187
Carcinoscorpius	4
Cardiobacterium	708
Carica	2
Carnobacterium	313
Carteria	1
Carukia	1
Castanea	1
Castellaniella	5
Casuarius	1
Catenibacterium	372
Catenula	1
Catenulispora	62025
Catenuloplanes	2
Catharanthus	18
Catonella	256
Caulobacter	30098
Cavia	19
Cellulomonas	14647
Cellulophaga	1451
Cellulosilyticum	712
Cellulosimicrobium	19
Cellvibrio	3358
Celosia	112
Cenarchaeum	2149
Cenococcum	1
Centotheca	1
Centroceras	1
Centrolepis	1
Cephalobus	4
Ceramium	2
Ceratitis	2
Ceratocymba	1
Ceratocystis	3
Ceratopteris	1
Ceratosolen	4
Cercomonas	1
Cercospora	10
Chaenocephalus	2
Chaetomium	59
Chaetosphaeridium	32
Chamaecyparis	7
Chamaesiphon	5
Chara	21
Chartergellus	2
Chasmanthium	1
Chattonella	3
Cheilanthes	1
Chelativorans	14910
Chelyosoma	1
Chenopodium	1
Childia	1
Chilodonella	1
Chimaera	1
Chironex	2
Chironomus	1
Chitinophaga	30525
Chlamydia	1448
Chlamydomonas	696
Chlamydophila	678
Chlamys	2
Chloranthus	1
Chlorarachnion	2
Chlorella	885
Chlorobaculum	6650
Chlorobium	16867
Chloroflexus	35419
Chlorogloeopsis	20
Chloroherpeton	5975
Chlorokybus	33
Chlorosarcina	1
Chlorovirus	39
Choephora	1
Chondromyces	20
Chondrus	14
Chorda	1
Chorispora	1
Choristoneura	1
Chromatium	1
Chromera	3
Chromobacterium	7069
Chromohalobacter	3934
Chroococcus	5
Chryseobacterium	2367
Chrysodidymus	5
Chrysomela	2
Chthamalus	1
Chthoniobacter	96578
Chytriomyces	1
Cicer	5
Ciona	1058
Cistus	1
Citreicella	1907
Citrobacter	1865
Citromicrobium	2698
Citrullus	2
Citrus	10
Cladosporium	2
Clarkia	1
Clathrina	1
Clavibacter	16048
Claviceps	3
Clavispora	104
Cleome	5
Clonorchis	5
Clostridium	40378
Clytia	1
Cobetia	1
Coccidioides	3390
Coccolithovirus	2
Coccomyxa	6
Coccotrema	2
Cochliobolus	41
Cocos	1
Codiaeum	9
Coffea	7
Cohaesibacter	2
Cohnella	15
Coix	7
Coleochaete	1
Colias	4
Collema	1
Colletotrichum	6
Collimonas	200
Collinsella	1844
Collophora	1
Columba	2
Colwellia	2588
Comamonas	4755
Conexibacter	251505
Congregibacter	5126
Conidiobolus	65
Coniosporium	1
Coniothyrium	3
Conocephalum	1
Conocybe	1
Coprinopsis	456
Coprobacillus	359
Coprococcus	845
Coprothermobacter	1601
Coptotermes	13
Coptotriche	2
Coraliomargarita	5085
Corallina	18
Corallococcus	23
Corchorus	3
Cordyceps	24
Coriaria	1
Cortaderia	1
Corynebacterium	30083
Corynocarpus	2
Cosmospora	1
Cotesia	2
Coturnix	10
Couchioplanes	3
Coxiella	2892
Crassostrea	6
Crassula	1
Craterostigma	11
Cricetulus	8
Crithidia	1
Croceibacter	1444
Crocosphaera	2629
Crocus	1
Cronobacter	2008
Crotalus	3
Crustomastix	2
Cryobacterium	2
Cryphonectria	8
Cryptobacterium	1315
Cryptococcus	2
Cryptomeria	3
Cryptomonas	6
Cryptosporidium	116
Ctenocephalides	4
Ctenopharyngodon	2
Cucumaria	1
Cucumis	25
Cucurbita	9
Culex	187
Culicoides	2
Cunninghamella	5
Cuphea	8
Cupiennius	4
Cupriavidus	41985
Curtobacterium	8
Curvibacter	1491
Curvularia	17
Cuscuta	1
Cyamopsis	4
Cyanidioschyzon	580
Cyanidium	64
Cyanobacterium	10
Cyanobium	1379
Cyanophora	1
Cyanothece	32173
Cyathostomum	1
Cyberlindnera	5
Cycas	6
Cyclidia	1
Cycloclasticus	8
Cydia	1
Cylindrospermopsis	1369
Cylindrospermum	3
Cylindrotheca	1
Cymbidium	1
Cynara	1
Cynoglossus	1
Cynopterus	2
Cyperus	2
Cyphoma	1
Cyprinus	7
Cyrtococcum	1
Cystobacter	220
Cytophaga	9361
Dactylellina	1
Dactylospora	3
Dactylosporangium	219
Dalmannia	1
Damiria	1
Danio	1104
Daphnia	373
Daptonema	1
Dasypus	4
Datura	3
Daucus	23
Davidiella	1
Debaryomyces	142
Dechloromonas	8191
Deferribacter	2587
Dehalobacter	1
Dehalococcoides	6663
Dehalogenimonas	3799
Deilephila	1
Deinococcus	31431
Deinopis	1
Dekkera	2
Delftia	6753
Delitschia	1
Demansia	2
Demequina	1
Dendrobium	2
Dendrocalamus	1
Dendroctonus	3
Dendrohyrax	1
Dendronephthya	1
Dendropoma	2
Denitrovibrio	1921
Deracantha	1
Dermacentor	1
Dermacoccus	4184
Dermatophagoides	1
Desulfarculus	5417
Desulfatibacillum	8227
Desulfitobacterium	9267
Desulfobacterium	4176
Desulfobulbus	3428
Desulfococcus	6233
Desulfohalobium	3041
Desulfomicrobium	4499
Desulfomonile	12
Desulfonatronospira	2129
Desulfonispora	1
Desulfosporosinus	1
Desulfotalea	3922
Desulfotignum	30
Desulfotomaculum	15487
Desulfovibrio	37328
Desulfurispirillum	2008
Desulfurivibrio	4340
Desulfurococcus	421
Desulfuromonas	4349
Desulfuromusa	4
Dethiobacter	3589
Dethiosulfovibrio	2258
Deuteragonista	1
Deuterophlebia	2
Dialister	888
Dianthus	9
Diaphorobacter	3
Dichelobacter	873
Dickeya	3107
Dicrossus	1
Dictyocaulus	3
Dictyocha	1
Dictyoglomus	5436
Dictyostelium	2011
Dicyema	1
Didelphis	1
Didymella	1
Didymium	1
Dietzia	3338
Digitalis	3
Dimocarpus	1
Dinoroseobacter	4355
Dinothrombium	2
Dioscorea	7
Diploptera	1
Diplorickettsia	1
Diplosphaera	7
Dipodomys	1
Dirhinus	1
Dissostichus	1
Distichlis	1
Ditylenchus	1
Dodecaceria	1
Dokdonia	1657
Dolichospermum	56
Donkioporia	1
Dorea	487
Doryanthes	1
Doryteuthis	2
Dothidea	1
Drechslera	1
Drechslerella	1
Drosera	1
Drosophila	1815
Dryas	1
Dryopteris	1
Duckeodendron	1
Dugesia	1
Dunaliella	11
Durinskia	8
Dyadobacter	15176
Dyella	3
Dyseriocrania	1
Ecdeiocolea	1
Echinochloa	6
Echinococcus	15
Echymipera	1
Ecionemia	1
Ectocarpus	3
Ectothiorhodospira	4
Edwardsiella	1260
Eggerthella	2672
Ehrlichia	474
Eikenella	392
Eimeria	9
Elaeis	4
Elaphocordyceps	1
Electrophorus	2
Elegia	1
Eleocharis	8
Elephantulus	2
Elephas	1
Eleusine	3
Elizabethkingia	30
Elsinoe	1
Elusimicrobium	1102
Elymus	1
Embellisia	3
Emericella	1888
Emiliania	6
Encephalitozoon	67
Enchytraeus	10
Encope	2
Endogone	1
Endoriftia	815
Endosporium	1
Enhydrobacter	298
Enhygromyxa	3
Ensifer	31
Entamoeba	133
Enterobacter	3013
Enterococcus	3086
Enteroctopus	2
Enterocytozoon	16
Enterorhabdus	3
Enterovibrio	1
Entodinium	2
Entomophthora	2
Entomoplasma	2
Ephedra	9
Ephemerella	2
Ephydatia	1
Epichloe	5
Epidermophyton	10
Epimedium	1
Epinephelus	1
Epiperipatus	1
Epsilon15-like viruses	3
Epulopiscium	222
Equisetum	13
Equus	127
Eragrostis	1
Erebomaster	2
Eremococcus	156
Eremothecium	268
Erinaceus	1
Erodium	1
Erwinia	2036
Erysipelothrix	202
Erythrobacter	14785
Escherichia	5218
Escovopsis	1
Esox	6
Ethanoligenens	1324
Ethmia	1
Eubacterium	4212
Eucalyptus	2
Euclea	1
Eudromia	1
Eufolliculina	3
Euglena	14
Eumesocampa	1
Eupenicillium	1
Euphorbia	2
Euplotes	5
Eupristina	1
Euprosthenops	1
Euprymna	1
Eurotium	21
Eutreptiella	1
Exeretonevra	1
Exiguobacterium	3306
Exophiala	20
Faecalibacterium	1184
Fagopyrum	3
Fagus	2
Fasciola	2
Fejervarya	1
Felis	4
Fenneropenaeus	5
Ferrimonas	1331
Ferroglobus	781
Ferroplasma	268
Fervidobacterium	1983
Festuca	3
Fibrobacter	1349
Filaria	1
Filifactor	279
Filobasidiella	807
Finegoldia	621
Fischerella	162
Flabellia	1
Flabellum	1
Flammeovirga	32
Flammulina	1
Flaveria	38
Flavobacterium	11957
Flexibacter	3
Flexistipes	9
Floydiella	1
Fluoribacter	27
Fonsecaea	1
Fonticula	2
Fragaria	7
Fragilariopsis	1
Francisella	1314
Frankia	315337
Frateuria	6
Frigoribacterium	1
Fritillaria	3
Fructobacillus	2
Fucus	8
Fulvimarina	2255
Funaria	1
Fundulus	2
Funneliformis	2
Fusarium	72
Fuscidea	1
Fusobacterium	2963
Gadus	11
Gaeumannomyces	6
Galdieria	6
Galega	1
Galeopterus	1
Gallibacterium	5
Gallionella	2217
Gallus	948
Gambelia	1
Gammabaculovirus	1
Ganoderma	1
Gardnerella	715
Gasterosteus	769
Geisha	1
Geitlerinema	1
Gekko	1
Gelasinospora	1
Gemella	260
Geminocystis	51
Gemmata	56204
Gemmatimonas	62657
Geoalkalibacter	3
Geobacillus	23045
Geobacter	82302
Geodermatophilus	60087
Geomys	1
Geranium	8
Geukensia	1
Giardia	56
Gibberella	110
Gigaspora	2
Ginkgo	8
Giuris	11
Glaciecola	307
Glaciibacter	5
Glarea	13
Glaucocystis	6
Globba	1
Globodera	2
Gloeobacter	28833
Gloeocapsopsis	1
Gloeochaete	1
Gloeophyllum	1
Gloeothece	6
Gloiocephala	1
Glomerella	762
Glomus	1
Glossina	35
Gloydius	1
Gluconacetobacter	7974
Gluconobacter	3275
Glugea	1
Glycine	112
Glycomyces	1
Glyptapanteles	1
Gnathostoma	1
Gobiomorus	1
Gomortega	2
Gonystylus	1
Gordonia	11885
Gordonibacter	718
Gorilla	6
Gossypium	9
Gracilaria	36
Gracilariophila	1
Gracilariopsis	2
Gracilipsodes	1
Gramella	6238
Granulibacter	8076
Granulicatella	409
Granulicella	15606
Greniera	1
Griffithsia	10
Grifola	2
Grillotia	1
Grisollea	2
Grosmannia	523
Gryllus	1
Guignardia	1
Guillardia	74
Guizotia	1
Gyalecta	1
Gymnochlora	3
Gymnostellatospora	1
Gyrocarpus	1
Hadrurus	1
Haematobia	2
Haematococcus	4
Haemonchus	3
Haemophilus	2440
Haemopis	1
Hafnia	2
Hahella	6693
Haladaptatus	1709
Halalkalicoccus	1650
Halanaerobium	2267
Haliangium	29711
Halichoeres	2
Haliclona	1
Haliotis	8
Haloarcula	2467
Halobacillus	20
Halobacterium	1315
Halochromatium	2
Halococcus	1
Halocynthia	1
Haloferax	1653
Halogeometricum	1638
Halomicrobium	1474
Halomonas	2304
Haloquadratum	1298
Halorhabdus	1093
Halorhodospira	4457
Halorubrum	1036
Haloterrigena	2518
Halothermothrix	4838
Halothiobacillus	1677
Hapalosiphon	4
Haplomitrium	3
Harpegnathos	134
Harpochytrium	6
Hartmannella	96
Heimansia	1
Helianthus	10
Helicobacter	2302
Helicosporidium	7
Helicoverpa	6
Heliobacillus	57
Heliobacterium	7223
Heliocidaris	1
Heliophilum	6
Heliorestis	1
Heliothis	10
Hemicentrotus	2
Hemiselmis	5
Hemityphis	2
Herbaspirillum	4641
Herdmania	1
Herminiimonas	3394
Herpetosiphon	21815
Heterocapsa	20
Heterodera	4
Heterometrus	1
Heteromita	1
Heterosigma	16
Heterosiphonia	11
Hevea	1
Hibiscus	2
Hirschia	1768
Hirsutella	1
Hirudo	1
Histophilus	354
Hoeflea	3399
Holcus	1
Holdemania	666
Holospora	1
Holothuria	1
Homalodisca	1
Homarus	1
Homo	884
Hordeum	59
Hortaea	4
Hotaria	2
Humicola	3
Humulus	1
Huperzia	1
Hutchinsoniella	1
Hyacinthus	3
Hyalomma	1
Hyaloperonospora	1
Hyalophora	1
Hyaloraphidium	1
Hydra	460
Hydrangea	1
Hydrogenivirga	2022
Hydrogenobacter	1628
Hydrogenobaculum	895
Hydrogenophaga	191
Hydrogenophilus	5
Hydrogenothermus	2
Hydrotaea	1
Hylobates	4
Hymeniacidon	1
Hymenobacter	8
Hymenophyllum	1
Hyoscyamus	4
Hyparrhenia	1
Hyperamoeba	3
Hyperthermus	761
Hyphomicrobium	7556
Hyphomonas	5729
Hypnum	1
Hypocrea	51
Hypocrella	1
Hypsibius	1
Hyriopsis	1
I3-like viruses	46
Ichnanthus	1
Ichnovirus	1
Ictalurus	29
Ideonella	2
Idiogaryops	1
Idiomarina	2348
Igernella	1
Ignatzschineria	2
Ignicoccus	483
Ignisphaera	330
Ilyobacter	840
Imtechium	3
Inovirus	4
Intrasporangium	19655
Ipomoea	9
Ipomovirus	1
Ips	1
Ircinia	1
Irpex	1
Isachne	1
Isanthus	1
Ischnura	1
Isochrysis	8
Isoetes	3
Isoptericola	2
Isosphaera	24017
Ixiolirion	1
Ixodes	463
Jakoba	1
Janibacter	7
Jannaschia	5263
Janthinobacterium	6217
Jasminum	1
Jatropha	1
Jeotgalibacillus	3
Jonesia	3454
Jonquetella	820
Kalanchoe	1
Kaloula	1
Kangiella	1888
Karenia	44
Karlodinium	19
Katsuwonus	1
Kavinia	1
Keenaea	1
Keteleeria	1
Ketogulonicigenium	2431
Kibdelosporangium	212
Kiggelaria	1
Kineococcus	34433
Kingella	323
Kitasatospora	14103
Kladothrips	1
Klebsiella	3273
Klebsormidium	2
Kluyvera	3
Kluyveromyces	165
Kocuria	4115
Komagataella	110
Kordia	1397
Kosmotoga	1733
Kozakia	1
Kradibia	1
Krameria	1
Kribbella	75220
Kryptoperidinium	3
Ktedonobacter	57677
Kukulcania	3
Kuraishia	1
Kurthia	15
Kutzneria	76
Kyrpidia	2
Kytococcus	7744
L5-like viruses	10
LUZ24-like viruses	1
Labrenzia	9456
Laccaria	385
Laceyella	2
Lachancea	72
Lacrymaria	1
Lactarius	1
Lactobacillus	9150
Lactococcus	1304
Lactuca	5
Lagenidium	1
Lama	6
Lambda-like viruses	25
Laminaria	4
Lampetra	1
Lantana	1
Laothoe	1
Laphria	1
Laribacter	2362
Larix	3
Lasius	1
Lates	1
Lathyrus	2
Latrodectus	5
Laurus	2
Lautropia	1087
Lawsonia	1334
Leadbetterella	3487
Lecanactis	1
Lecanicillium	7
Lechevalieria	21
Leeuwenhoekiella	3328
Legionella	7141
Leifsonia	8683
Leiopathes	1
Leishmania	399
Lemna	1
Lens	5
Lentamyces	1
Lentinula	3
Lentisphaera	2211
Lentivirus	1
Lentzea	12
Leohumicola	3
Lepeophtheirus	38
Lepetodrilus	2
Lepidonotothen	2
Lepidosphaeria	1
Lepisma	1
Lepocinclis	1
Lepomis	1
Leporacarus	1
Leporipoxvirus	2
Leptinotarsa	2
Leptochiton	3
Leptographium	1
Leptolyngbya	137
Leptomonas	1
Leptorhynchoides	1
Leptosira	3
Leptosphaeria	13
Leptosphaerulina	1
Leptospira	8951
Leptospirillum	2891
Leptothrix	7559
Leptotrichia	1127
Lethariella	1
Leucaena	2
Leuconostoc	1048
Leucopoa	1
Leucosolenia	1
Lilium	1
Limia	1
Limnanthes	2
Limnobacter	1
Limnonectes	1
Limulus	1
Lingulodinium	1
Lipomyces	2
Liporrhopalum	1
Liquidambar	1
Liriomyza	1
Listeria	5212
Listonella	19
Lithospermum	4
Litopenaeus	1
Loa	113
Lobochlamys	2
Lobularia	1
Locusta	2
Lodderomyces	112
Loktanella	1257
Loligo	1
Loliolus	2
Lolium	6
Lomariopsis	1
Lonchoptera	1
Lonepinella	2
Lonomia	1
Lophodermium	5
Loripes	1
Lotus	13
Loxodonta	5
Loxothylacus	1
Lubomirskia	1
Lucilia	2
Luciola	3
Luidia	2
Lumbricus	2
Lupinus	11
Lutiella	4223
Lutzomyia	3
Lychas	1
Lycium	1
Lymnaea	5
Lymphocryptovirus	1
Lyngbya	4659
Lysinibacillus	2096
Lysiphlebus	3
Lysobacter	92
Lytechinus	4
Macaca	370
Macavirus	4
Machiloides	1
Maconellicoccus	4
Macrobrachium	3
Macrococcus	415
Macrophoma	1
Macrophomina	1
Macropus	18
Macrovipera	2
Magnaporthe	2363
Magnetococcus	6069
Magnetospirillum	22341
Malassezia	175
Malawimonas	9
Mallomonas	1
Malonomonas	2
Malus	3
Mamestra	2
Manayunkia	1
Manduca	12
Manihot	1
Mannheimia	338
Marasmius	1
Marchantia	26
Mardivirus	2
Maribacter	4743
Maricaulis	4875
Marichromatium	3
Marinitoga	1706
Marinobacter	10738
Marinobacterium	3
Marinomonas	4174
Marinosulfonomonas	7
Marinovum	1
Mariprofundus	1688
Maritimibacter	4374
Marivirga	3045
Marsilea	1
Marsupella	1
Martelella	1
Maryna	1
Mastadenovirus	2
Mastigamoeba	6
Mastigocladus	9
Mastigoproctus	1
Masturus	1
Mechercharimyces	1
Medicago	78
Megaleranthis	1
Megalocranchia	1
Megalocytivirus	1
Megamonas	1
Megasphaera	1155
Meiothermus	19836
Melanoplus	1
Melanthalia	1
Meleagris	1
Melittangium	46
Meloidogyne	2
Menegazzia	1
Menodora	1
Mentha	7
Mentzelia	1
Merxmuellera	5
Mesembryanthemum	29
Mesenchytraeus	1
Mesocestoides	1
Mesocricetus	10
Mesoplasma	67
Mesorhizobium	69337
Mesostigma	41
Mesotaenium	1
Metacordyceps	1
Metallosphaera	812
Metarhizium	1135
Methanobacterium	4
Methanobrevibacter	612
Methanocaldococcus	1825
Methanocella	1705
Methanococcoides	1364
Methanococcus	1414
Methanocorpusculum	593
Methanoculleus	3026
Methanofollis	1
Methanohalobium	607
Methanohalophilus	694
Methanolobus	1
Methanoplanus	563
Methanopyrus	1277
Methanoregula	2226
Methanosaeta	2357
Methanosarcina	10431
Methanosphaera	460
Methanosphaerula	2324
Methanospirillum	1732
Methanothermobacter	3184
Methanothermococcus	160
Methanothermus	323
Methylacidiphilum	16498
Methylibium	8760
Methylobacillus	4749
Methylobacter	5545
Methylobacterium	78919
Methylocaldum	2
Methylocapsa	2
Methylocella	10298
Methylococcus	10119
Methylocystis	4694
Methyloferula	1
Methylohalobius	1
Methylomicrobium	9
Methylomonas	22
Methylophaga	954
Methylophilus	14
Methylosinus	7048
Methylosulfonomonas	34
Methylotenera	3032
Methyloversatilis	62
Methylovorus	2270
Metridium	5
Metschnikowia	2
Meyerozyma	182
Micavibrio	5
Microbacterium	237
Microbispora	68
Microbulbifer	3
Microchaete	93
Micrococcus	4744
Microcoleus	7982
Microcyclosporella	1
Microcystis	7222
Microlunatus	3
Micromonas	827
Micromonospora	124870
Micropogonias	1
Micropterus	1
Microscilla	4537
Microtetraspora	6
Microthyrium	1
Microtus	1
Mimivirus	26
Mimulus	1
Miniopterus	1
Mirobaeoides	1
Miscanthus	1
Mischococcus	2
Mitsuokella	1439
Mizuhopecten	2
Mobiluncus	2602
Modiolus	1
Moina	1
Monacrosporium	3
Monanchora	2
Monascus	2
Moneuplotes	1
Monilinia	2
Moniliophthora	160
Monoblepharella	1
Monocercomonoides	7
Monochoria	1
Monodelphis	609
Monomastix	2
Monosiga	522
Monsonia	2
Moorella	16454
Moraxella	331
Morganella	14
Moritella	674
Mortierella	5
Morus	1
Mougeotia	1
Mu-like viruses	2
Mucilaginibacter	6526
Mucor	5
Murex	1
Muromegalovirus	1
Murrayella	1
Mus	1447
Musa	12
Musca	2
Mutela	1
Myceliophthora	3
Mycetocola	1
Mychonastes	2
Mycobacterium	274995
Mycoplana	12
Mycoplasma	971
Mycosphaerella	23
Myctophum	1
Myotis	8
Myroides	7
Myrothecium	4
Mytilus	9
Myxine	2
Myxococcus	57555
Myxozyma	1
N15-like viruses	2
N4-like viruses	6
Naegleria	548
Naja	4
Nakamurella	42720
Nakaseomyces	153
Nandina	1
Nannochloris	3
Nannocystis	2
Nanoarchaeum	51
Narcissus	1
Nardus	1
Nasonia	243
Natranaerobius	2745
Natrialba	1317
Natrinema	1
Natronomonas	2000
Naumovozyma	2
Nautilia	384
Nectria	1338
Neisseria	3507
Nelumbo	1
Nematostella	1115
Neoasaia	1
Neobodo	2
Neocallimastix	15
Neoceratium	3
Neocheiropteris	1
Neochlamydia	1
Neogonodactylus	2
Neolinocarpon	1
Neoparamoeba	2
Neophocaena	1
Neorickettsia	267
Neosartorya	945
Neosinocalamus	1
Neospora	1
Neotyphodium	2
Nephila	4
Nephroselmis	29
Neptuniibacter	899
Neslia	1
Nesterenkonia	1
Neurospora	1217
Nicoletia	1
Nicotiana	237
Nilaparvata	1
Nitratifractor	508
Nitratiruptor	1167
Nitrobacter	51571
Nitrococcus	7327
Nitrosococcus	24032
Nitrosomonas	11353
Nitrosopumilus	4424
Nitrososphaera	732
Nitrosospira	11832
Nitrosovibrio	7
Nitrospira	22438
Nitzschia	1
Nocardia	40655
Nocardioides	92791
Nocardiopsis	29826
Nodularia	2933
Nonomuraea	362
Norovirus	1
Nosema	5
Nostoc	30765
Nothomyrmecia	1
Notiobiella	2
Notocera	1
Notomys	2
Novispirillum	2
Novosphingobium	11662
Nuphar	2
Nyctotherus	5
Nymphaea	4
Oceanibulbus	1190
Oceanicaulis	3302
Oceanicola	5759
Oceanimonas	1
Oceanithermus	4449
Oceanobacillus	3379
Oceanobacter	1
Ochlerotatus	1
Ochrobactrum	7423
Ochromonas	2
Ochrosphaera	1
Ocimum	2
Octadecabacter	3561
Octopus	2
Odontella	25
Odontodactylus	1
Oedogonium	2
Oenococcus	533
Oenothera	3
Ogataea	65
Oikopleura	240
Okibacterium	1
Olea	3
Oleomonas	3
Oligotropha	11913
Olimarabidopsis	4
Olisthodiscus	4
Olpidium	1
Olsenella	853
Oltmannsiellopsis	7
Ommastrephes	1
Onchocerca	2
Oncidium	2
Oncorhynchus	14
Oocystis	4
Oogamochlamys	8
Ophiocordyceps	5
Ophioglossum	3
Ophiophagus	1
Ophiorrhiza	1
Ophiostoma	5
Opisthorchis	1
Opitutus	36611
Opsanus	1
Oreochromis	4
Oribacterium	671
Orientia	292
Ornithobacterium	2
Ornithodoros	1
Ornithorhynchus	202
Orobanche	4
Oropezella	1
Orthonama	2
Orthopoxvirus	1
Orthotrichum	1
Oryctolagus	23
Oryza	2742
Oryzias	10
Oscillatoria	6933
Oscillochloris	10934
Osmerus	27
Osteoglossum	1
Ostertagia	2
Ostreococcus	737
Otolemur	1
Ovis	6
Oxalobacter	1693
Oxyria	1
Oxyrrhis	3
Oxythrips	1
Oxytricha	1
Oxyuranus	2
P1-like viruses	17
P2-like viruses	19
P22-like viruses	46
Pachygrapsus	1
Pachylia	1
Pachysolen	2
Paecilomyces	4
Paenibacillus	24430
Paenochrobactrum	2
Paguristes	1
Paludibacter	2049
Pan	173
Panagrellus	2
Panax	1
Pandanus	1
Pandoraea	7
Panicum	1
Panonychus	1
Pantholops	1
Pantoea	3577
Panulirus	2
Papaver	3
Papio	3
Parabacteroides	4438
Parabodo	3
Paracentrotus	1
Parachlamydia	1678
Parachlorella	6
Paracoccidioides	1085
Paracoccus	6869
Paralichthys	2
Paramacrobiotus	1
Paramecium	283
Paranthrene	1
Parascardovia	387
Parazen	1
Pariana	1
Parthenium	2
Parvibaculum	15397
Parvularcula	2619
Passalora	4
Passiflora	1
Pasteurella	675
Pasteuria	3
Paucimonas	33
Paulinella	160
Pavlova	9
Paxillus	2
Pectinaria	1
Pectinatus	11
Pectobacterium	3591
Pediculus	163
Pedinomonas	1
Pediococcus	863
Pedobacter	18558
Pedomicrobium	3
Pedosphaera	44
Pelagibaca	2248
Pelargonium	1
Pellia	3
Pelobacter	22810
Pelodictyon	5327
Pelomonas	6
Pelotomaculum	13111
Peltigera	1
Penaeus	4
Penicillium	2520
Peptococcus	4
Peptoniphilus	887
Peptostreptococcus	495
Peranema	1
Perca	5
Perga	1
Periconia	2
Peridinium	1
Perilla	1
Perinereis	1
Perkinsus	147
Peromyscus	5
Persea	2
Persephonella	1624
Persicobacter	1
Pertusaria	8
Petrobius	1
Petromyzon	1
Petroselinum	22
Petrotoga	1320
Petunia	5
Peyronellaea	1
Peziza	2
Pfiesteria	4
Phaedon	1
Phaeobacter	1035
Phaeodactylum	356
Phaeomoniella	1
Phaeosphaeria	3260
Phaeotrichum	1
Phaeovirus	4
Phaffia	1
Phalaenopsis	2
Phallusia	2
Phanerochaete	6
Pharus	2
Phascolarctobacterium	21
Phaseolus	14
Phegopteris	1
Phenylobacterium	12970
PhiC31-like viruses	45
Phialophora	1
Phillyrea	1
Philodina	9
Phodopus	1
Pholiota	1
Phoma	12
Phomopsis	1
Phormidium	20
Phoronis	1
Phorytocarpais	1
Photinus	4
Photobacterium	3655
Photorhabdus	2666
Photuris	1
Phragmites	2
Phronima	1
Phycomyces	9
Phyllobacterium	9
Phyllostachys	14
Physalia	3
Physarum	100
Physcomitrella	30
Phytomonas	2
Phytomyza	1
Phytophthora	587
Picea	198
Pichia	9
Picochlorum	1
Picrophilus	369
Pigmentiphaga	2
Pimelobacter	104
Pinctada	21
Pinguiococcus	7
Pinus	29
Piper	1
Pirellula	31898
Piromyces	4
Piscirickettsia	4
Pisum	37
Placoneis	1
Placopecten	1
Placopyrenium	1
Plagioselmis	3
Plagiothecium	1
Plakina	1
Planctomyces	51648
Planktothrix	428
Planobispora	36
Planococcus	879
Planomicrobium	1
Planomonospora	2
Plantibacter	1
Plasmodiophora	3
Plasmodium	381
Platanus	1
Plathemis	1
Platichthys	1
Platynereis	1
Platystoechotes	1
Pleopsidium	6
Plesiocystis	11774
Plesiomonas	2
Pleurocapsa	8
Pleurodeles	1
Pleurotus	7
Plocamiocolax	2
Plutella	1
Pluteus	1
Pneumocystis	7
Poa	1
Pocillopora	1
Podocoryna	1
Podosphaera	7
Podospora	1393
Poecilia	8
Polaribacter	2492
Polaromonas	24954
Pollicipes	3
Polyandrocarpa	1
Polychytrium	1
Polymorphospora	6
Polynucleobacter	3377
Polyplax	1
Polypogon	1
Polyporus	1
Polypterus	2
Polysphondylium	535
Polytomella	16
Polyxenus	1
Polyzonium	1
Pongo	167
Populus	1282
Porcellio	1
Porina	1
Porphyra	78
Porphyridium	4
Porphyrobacter	2
Porphyromonas	2471
Portulaca	1
Portunus	2
Postia	114
Potorous	2
Prasinovirus	11
Pratylenchus	1
Prauserella	3
Praya	1
Preussia	1
Prevotella	5041
Priapulus	1
Primula	1
Pristionchus	1
Prochlorococcus	5794
Prochloron	14
Prochlorothrix	3
Proctophyllodes	14
Prodoxus	1
Prolixibacter	1
Promicromonospora	1
Propionibacterium	13598
Propionigenium	13
Prosthecobacter	100
Prosthecochloris	3575
Prosthecomicrobium	2
Proteus	1348
Protopterus	1
Prototheca	18
Providencia	1203
Prunus	4
Prymnesium	1
Psacothea	1
Psammechinus	1
Pseudaminobacter	11
Pseudanabaena	28
Pseudendoclonium	4
Pseudo-nitzschia	1
Pseudoalteromonas	7428
Pseudobutyrivibrio	1
Pseudoclavibacter	2
Pseudocorythion	1
Pseudocyphellaria	1
Pseudoflavonifractor	807
Pseudogluconobacter	7
Pseudolarix	1
Pseudomma	1
Pseudomonas	64727
Pseudonaja	2
Pseudonocardia	283
Pseudoramibacter	404
Pseudotsuga	1
Pseudovibrio	2554
Pseudoxanthomonas	3368
Pseudozyma	2
Psilanteris	1
Psilotum	4
Psora	1
Psoroma	1
Psychrobacter	2887
Psychroflexus	1723
Psychromonas	1831
Pteridium	1
Pteropus	1
Pthirus	1
Puccinia	180
Pueraria	1
Pulcherricium	1
Pupa	1
Purpuricenus	1
Pycnococcus	6
Pycnogonum	1
Pygathrix	1
Pylaiella	5
Pyramidobacter	952
Pyramimonas	4
Pyrenomonas	1
Pyrenophora	2771
Pyrenula	1
Pyrobaculum	2823
Pyrococcus	3154
Pyropia	57
Pyrrosia	1
Pyrus	1
Pythium	3
Pythonichthys	1
Pyxine	1
Quercus	1
Questa	1
Racodium	2
Radopholus	1
Rahnella	508
Raja	1
Ralstonia	21501
Ramalina	2
Ramichloridium	3
Ramularia	1
Rana	19
Ranavirus	3
Ranunculus	3
Raoultella	4
Raphanus	1
Raphidiopsis	1067
Rarobacter	1
Rathayibacter	4
Rattus	1016
Rauvolfia	1
Reclinomonas	15
Reinekea	1663
Renibacterium	5316
Reticulitermes	1
Rhabditoides	2
Rhabdochromatium	1
Rhadinovirus	6
Rhinolophus	10
Rhipicephalus	2
Rhizamoeba	3
Rhizobium	65447
Rhizomucor	3
Rhizophagus	8
Rhizophlyctis	1
Rhizopus	35
Rhodanobacter	13
Rhodella	1
Rhodiola	9
Rhodobacter	14400
Rhodobium	7
Rhodochaete	1
Rhodococcus	129046
Rhododendron	1
Rhodoferax	6
Rhodomicrobium	6061
Rhodomonas	19
Rhodopirellula	38891
Rhodoplanes	16
Rhodopseudomonas	114168
Rhodospirillum	25968
Rhodothalassium	6
Rhodothermus	22166
Rhodotorula	1
Rhodovulum	5
Rhynchospora	2
Rhynchosporium	1
Rhynochetos	1
Rhytisma	3
Riccia	2
Richtersius	1
Ricinus	3304
Rickettsia	2264
Rickettsiella	359
Ricordea	2
Riemerella	713
Robiginitalea	4479
Rosa	2
Rosacea	2
Roseburia	734
Roseibium	2653
Roseiflexus	72720
Roseobacter	11634
Roseolovirus	1
Roseomonas	7609
Roseovarius	6834
Rothia	2658
Rousettus	1
Rubritalea	13
Rubrivivax	1
Rubrobacter	107402
Ruegeria	12467
Ruminococcus	2558
Ruscus	1
Ruta	1
SPO1-like viruses	8
SPbeta-like viruses	29
Sabella	1
Saccharomonospora	34059
Saccharomyces	602
Saccharomycopsis	1
Saccharophagus	3263
Saccharopolyspora	106707
Saccharothrix	223
Saccharum	7
Saccoglossus	333
Sagittula	2135
Saimiri	1
Salegentibacter	1
Salicornia	2
Salinibacter	16184
Salinisphaera	2
Salinispora	134708
Salmo	161
Salmonella	2914
Salsuginea	1
Salvia	1
Sandersonia	1
Sanguibacter	9359
Sapphirina	1
Sarcocaulon	2
Sarcogyne	1
Sarcophaga	1
Sarcophyton	1
Sarcoptes	3
Sarcotrochila	3
Sawyeria	8
Scagea	1
Scardovia	284
Scedosporium	3
Scelio	1
Scenedesmus	2
Scheffersomyces	316
Schenella	2
Scherffelia	1
Schisandra	7
Schistocerca	2
Schistometopum	1
Schistosoma	155
Schizochytrium	2
Schizophyllum	332
Schizosaccharomyces	990
Schlegelella	1
Sciadopitys	1
Sciara	1
Sclerotinia	2176
Scolecomorphus	1
Scophthalmus	1
Scotophilus	1
Scutellospora	1
Scutigera	1
Scytonema	5
Sebaldella	1034
Sebdenia	1
Secale	1
Seculamonas	1
Sedum	8
Segniliparus	5467
Seinonella	1
Selaginella	821
Selenomonas	4166
Semibalanus	2
Sepia	1
Sepiola	1
Sepioloidea	1
Septoria	3
Sequoiadendron	1
Sericosoma	1
Sericothrips	1
Serpula	1
Serratia	6497
Sesamum	1
Sesuvium	1
Setosphaeria	1
Seynesia	2
Shewanella	17061
Shigella	1556
Shorea	1
Shuttleworthia	381
Siderastrea	1
Sideroxydans	3495
Silene	6
Simkania	9
Simonsiella	245
Simonyella	1
Simulium	2
Sinapis	1
Sinorhizobium	45871
Siphonochilus	2
Sitophilus	1
Skogsbergia	1
Slackia	2976
Smaragdicoccus	1
Smaug	1
Smittium	9
Snowella	1
Sodalis	1012
Soehngenia	1
Solanum	185
Solea	1
Solenopsis	71
Solobacterium	107
Solorina	1
Sorangium	77903
Sordaria	895
Sorex	2
Sorghum	1396
Spadella	1
Spartina	2
Sparus	8
Speleonectes	1
Sphaerechinus	1
Sphaerobacter	51019
Sphaerodactylus	1
Sphaerophorus	2
Sphaeropsis	2
Sphaerotilus	5
Sphenodon	1
Sphinctrina	1
Sphingobacterium	3095
Sphingobium	16126
Sphingomonas	33384
Sphingopyxis	13783
Sphingosinicella	18
Spinacia	151
Spirillospora	7
Spirochaeta	5822
Spiromyces	1
Spironucleus	5
Spiroplasma	110
Spirosoma	21350
Spirulina	6
Spodoptera	7
Sporanaerobacter	13
Sporidiobolus	1
Sporobolomyces	1
Sporolactobacillus	2
Sporomusa	2
Sporosarcina	30
Sporothrix	3
Squalus	13
Stachybotrys	1
Stackebrandtia	39292
Stanieria	2
Staphylococcus	5667
Staphylothermus	626
Stappia	7
Starkeya	15041
Staurastrum	18
Stauridium	1
Stellaria	1
Stenochrus	1
Stenostachys	1
Stenotrophomonas	7129
Stentor	1
Stereocaulon	1
Stereum	1
Sterkiella	4
Sterolibacterium	1
Stevia	1
Stewartia	2
Stigeoclonium	3
Stigmatella	34513
Stilbocrea	3
Stipagrostis	1
Streblomastix	2
Streptacidiphilus	1
Streptoalloteichus	251
Streptobacillus	227
Streptocephalus	1
Streptococcus	6505
Streptomonospora	3
Streptomyces	622837
Streptosporangium	104728
Strigomonas	1
Strongylocentrotus	569
Strongyloides	3
Struthio	1
Stylonema	1
Stylonychia	1
Stylosanthes	2
Suaeda	15
Subdoligranulum	502
Suberites	9
Subtercola	4
Succinatimonas	197
Suidasia	1
Suillus	1
Suipoxvirus	1
Sulfitobacter	1526
Sulfobacillus	36
Sulfolobus	3216
Sulfophobococcus	5
Sulfuricurvum	467
Sulfurihydrogenibium	3130
Sulfurimonas	800
Sulfurisphaera	2
Sulfurospirillum	401
Sulfurovum	1518
Sus	218
Sutterella	412
Swaminathania	4
Symbiobacterium	24018
Symbiotaphrina	4
Symploca	1
Syncephalastrum	1
Synechococcus	40594
Synechocystis	8692
Synedra	1
Syntrophobacter	20199
Syntrophomonas	5505
Syntrophothermus	4211
Syntrophus	11746
Synura	1
T4-like viruses	59
T5-like viruses	2
T7-like viruses	3
Tacca	1
Tachypleus	1
Taenia	7
Taeniopygia	287
Tagetes	1
Taiwanofungus	2
Takakia	3
Takifugu	42
Talaromyces	1882
Talpa	1
Tamarix	1
Tannerella	5
Tapeinochilos	1
Tarsius	1
Tatlockia	7
Tatumella	4
Taylorella	321
Tectivirus	1
Telmatospirillum	1
Tenebrio	1
Tepidimonas	2
Teratosphaeria	5
Terebellides	1
Teredinibacter	2098
Terrabacter	249
Terriglobus	18770
Terrimonas	32
Tetragenococcus	5
Tetrahymena	177
Tetraodon	1005
Tetraplosphaeria	2
Tetrasphaera	1
Thalassiosira	125
Thalassobium	542
Thalassobius	4
Thalassospira	5
Thanatephorus	3
Thauera	4825
Thaumatomonas	1
Thecophora	1
Theileria	38
Thelidium	4
Theobroma	1
Thermacetogenium	1
Thermaerobacter	23628
Thermanaerovibrio	2368
Thermincola	5778
Thermoactinomyces	68
Thermoanaerobacter	6295
Thermoanaerobacterium	2525
Thermoascus	7
Thermobaculum	27901
Thermobifida	43919
Thermobispora	42762
Thermochromatium	9
Thermococcus	4090
Thermocrinis	1628
Thermocrispum	2
Thermodesulfovibrio	4556
Thermofilum	1364
Thermoleophilum	48
Thermomicrobium	24001
Thermomonospora	60712
Thermomyces	3
Thermoplasma	1194
Thermopolyspora	1
Thermoproteus	253
Thermosediminibacter	4369
Thermosinus	5352
Thermosipho	2456
Thermosphaera	125
Thermosynechococcus	6000
Thermotoga	10143
Thermovibrio	2037
Thermus	19829
Theromyzon	1
Thinopyrum	1
Thioalkalivibrio	7002
Thiobacillus	5957
Thiocapsa	38
Thiococcus	1
Thiocystis	9
Thiolamprovum	1
Thiomicrospira	1494
Thiomonas	2715
Thiothrix	1
Thiovirga	1
Thismia	1
Thorea	1
Thraustochytrium	1
Thuja	1
Thulinius	1
Thylacodes	1
Tigriopus	7
Tillandsia	1
Tilletia	1
Tirmania	1
Tissierella	3
Tistrella	1
Tmesipteris	1
Tofieldia	5
Tolumonas	1120
Tolypocladium	2
Tolypothrix	83
Tomitella	21
Tomocerus	3
Tornabea	1
Torpedo	1
Torrubiella	5
Torulaspora	3
Toxocara	3
Toxoplasma	164
Toxoptera	1
Trachelium	1
Trachipleistophora	9
Trametes	5
Trapelia	1
Trebouxia	2
Tremella	3
Treponema	2639
Triacanthodes	1
Triatoma	1
Tribolium	371
Trichinella	88
Trichoderma	5
Trichodesmium	7359
Tricholoma	5
Trichomonas	210
Trichophyton	341
Trichoplax	441
Trichoplusia	3
Trichormus	1497
Trichosporon	2
Trichostrongylus	1
Trichotomospora	1
Trifolium	15
Triglochin	1
Trimastix	10
Trimorphomyces	2
Triops	3
Triphysaria	1
Tripneustes	3
Tripsacum	2
Triticum	57
Tropaeolum	1
Tropheryma	1012
Truepera	10197
Trueperella	24
Truncilla	1
Trypanoplasma	1
Trypanosoma	329
Tsukamurella	8629
Tuber	562
Tulipa	1
Tupaia	1
Turbina	1
Turbo	1
Turicibacter	397
Typha	1
Typhlatya	1
Typhula	1
Uloborus	1
Ulva	4
Umbilicaria	1
Uncinocarpus	1468
Ureaplasma	90
Urechis	5
Ureibacillus	1
Uromastyx	1
Uronema	3
Uruburuella	1
Ustilago	602
Vaccinium	12
Vagococcus	1
Vanderwaltozyma	77
Vanessa	1
Vanilla	8
Vannuccia	1
Vargula	1
Varicellaria	1
Varicellovirus	1
Variovorax	19972
Varroa	1
Vaucheria	10
Veillonella	2175
Venturia	16
Verminephrobacter	15074
Verrucomicrobium	23628
Verticillium	16
Vibrio	9596
Vicia	6
Victivallis	1560
Vigna	26
Viola	3
Virgibacillus	11
Vitis	771
Vitreoscilla	1
Vogesella	3
Volucribacter	1
Volvariella	2
Volvox	962
Vulcanisaeta	504
Waddlia	1399
Wallemia	1
Warcupiella	1
Weeksella	476
Weissella	229
Welwitschia	1
Westiellopsis	27
Whispovirus	2
Whitmania	1
Wigglesworthia	62
Williamsia	2
Wolbachia	1005
Wolinella	930
Xanthobacter	21611
Xanthomonas	26640
Xanthonema	1
Xanthoria	3
Xenophilus	7
Xenopus	968
Xenorhabdus	1300
Xiphias	1
Xiphinema	1
Xylanimicrobium	6
Xylanimonas	10799
Xylaria	5
Xylella	3323
Xyris	2
Yarrowia	334
Yersinia	6256
Zabrotes	1
Zantedeschia	1
Zea	713
Zeldia	5
Zizania	1
Zonotrichia	2
Zoogloea	1
Zostera	1
Zoysia	3
Zunongwangia	2698
Zygnema	5
Zygochloa	1
Zygosaccharomyces	67
Zymomonas	4918
Zymoseptoria	101
phiKMV-like viruses	2
phiKZ-like viruses	23
unclassified (derived from Acidobacteria)	6385
unclassified (derived from Acidobacteriales)	622
unclassified (derived from Actinobacteria (class))	1423
unclassified (derived from Actinomycetales)	1
unclassified (derived from Alloherpesviridae)	2
unclassified (derived from Alphaproteobacteria)	17448
unclassified (derived from Alteromonadales)	496
unclassified (derived from Amphipoda)	1
unclassified (derived from Archaea)	2097
unclassified (derived from Bacteria)	37636
unclassified (derived from Bacteroidetes)	819
unclassified (derived from Bangiales)	1
unclassified (derived from Betaproteobacteria)	276
unclassified (derived from Burkholderiales)	531
unclassified (derived from Campylobacterales)	264
unclassified (derived from Caudovirales)	17
unclassified (derived from Chaetothyriales)	3
unclassified (derived from Chloroflexi)	728
unclassified (derived from Chondrillidae)	1
unclassified (derived from Chromatiales)	51
unclassified (derived from Chromerida)	2
unclassified (derived from Chroococcales)	262
unclassified (derived from Clostridia)	409
unclassified (derived from Clostridiales Family XI. Incertae Sedis)	225
unclassified (derived from Clostridiales)	1702
unclassified (derived from Collembola)	1
unclassified (derived from Comamonadaceae)	22
unclassified (derived from Corallinales)	1
unclassified (derived from Crenarchaeota)	935
unclassified (derived from Cyanobacteria)	10
unclassified (derived from Deltaproteobacteria)	8460
unclassified (derived from Desulfobacterales)	102
unclassified (derived from Desulfovibrionales)	1
unclassified (derived from Diptera)	1
unclassified (derived from Dothideomycetes)	3
unclassified (derived from Elusimicrobia)	483
unclassified (derived from Enterobacteriaceae)	299
unclassified (derived from Epsilonproteobacteria)	3
unclassified (derived from Erysipelotrichaceae)	1142
unclassified (derived from Eukaryota)	5
unclassified (derived from Euryarchaeota)	4018
unclassified (derived from Flavobacteriaceae)	1463
unclassified (derived from Flavobacteriales)	2187
unclassified (derived from Flavobacteriia)	1791
unclassified (derived from Fungi)	16
unclassified (derived from Gammaproteobacteria)	14042
unclassified (derived from Gemmatimonadales)	767
unclassified (derived from Glomeraceae)	1
unclassified (derived from Halictophagidae)	1
unclassified (derived from Halobacteriaceae)	47
unclassified (derived from Haplotaxida)	1
unclassified (derived from Herpesviridae)	1
unclassified (derived from Hymenoptera)	8
unclassified (derived from Inoviridae)	1
unclassified (derived from Ktedonobacteria)	1
unclassified (derived from Lachnospiraceae)	777
unclassified (derived from Laminariales)	1
unclassified (derived from Methylococcaceae)	11
unclassified (derived from Methylophilaceae)	1
unclassified (derived from Methylophilales)	209
unclassified (derived from Microbacteriaceae)	1
unclassified (derived from Moraxellaceae)	2
unclassified (derived from Myoviridae)	167
unclassified (derived from Myxococcales)	204
unclassified (derived from Nitrosomonadaceae)	45
unclassified (derived from Nitrosomonadales)	2
unclassified (derived from Nitrospinaceae)	68
unclassified (derived from Nitrospirae)	105
unclassified (derived from Oceanospirillales)	412
unclassified (derived from Ophiurida)	1
unclassified (derived from Opitutae)	4
unclassified (derived from Oscillatoriales)	2
unclassified (derived from Pantopoda)	1
unclassified (derived from Pasteurellaceae)	8
unclassified (derived from Pelagophyceae)	2
unclassified (derived from Peptostreptococcaceae)	4566
unclassified (derived from Phycodnaviridae)	3
unclassified (derived from Placozoa)	1
unclassified (derived from Planctomycetaceae)	6
unclassified (derived from Planctomycetales)	554
unclassified (derived from Podoviridae)	133
unclassified (derived from Poribacteria)	4058
unclassified (derived from Porifera)	1
unclassified (derived from Poxviridae)	1
unclassified (derived from Prasinophyceae)	1
unclassified (derived from Propionibacteriaceae)	1
unclassified (derived from Proteobacteria)	615
unclassified (derived from Pseudomonadales)	5
unclassified (derived from Rhizobiaceae)	2
unclassified (derived from Rhizobiales)	70
unclassified (derived from Rhodobacteraceae)	1460
unclassified (derived from Rhodobacterales)	1720
unclassified (derived from Rhodocyclaceae)	1
unclassified (derived from Rhodospirillaceae)	1
unclassified (derived from Rhodospirillales)	171
unclassified (derived from Ruminococcaceae)	528
unclassified (derived from Sanguinicolidae)	1
unclassified (derived from Siphoviridae)	595
unclassified (derived from Sphingidae)	1
unclassified (derived from Sphingobacteriales)	53
unclassified (derived from Sphingomonadaceae)	21
unclassified (derived from Sphingomonadales)	18
unclassified (derived from Spirochaetales)	39
unclassified (derived from Stolidobranchia)	1
unclassified (derived from Synergistetes)	437
unclassified (derived from Thaumarchaeota)	2192
unclassified (derived from Thermoanaerobacterales)	1
unclassified (derived from Thermomicrobia (class))	17
unclassified (derived from Thermomonosporaceae)	18
unclassified (derived from Thermotogales)	5
unclassified (derived from Thiotrichales)	6
unclassified (derived from Thysanoptera)	4
unclassified (derived from Verrucomicrobia)	163
unclassified (derived from Verrucomicrobiaceae)	1
unclassified (derived from Verrucomicrobiales)	5672
unclassified (derived from Vibrionaceae)	662
unclassified (derived from Vibrionales)	200
unclassified (derived from Viruses)	313
unclassified (derived from other sequences)	1025
unclassified (derived from unclassified sequences)	11301
