SampleID	CPER_001-M-20130701
Abiotrophia	258
Abudefduf	1
Acanthamoeba	38
Acanthocyclops	1
Acanthopagrus	2
Acanthoscurria	1
Acaryochloris	5669
Acetabularia	5
Acetivibrio	1131
Acetobacter	2261
Acetobacterium	2
Acetohalobium	1471
Acetonema	1
Achatina	1
Achlya	1
Acholeplasma	268
Achromobacter	15785
Acidaminococcus	1407
Acidianus	6
Acidilobus	190
Acidimicrobium	7710
Acidiphilium	12182
Acidithiobacillus	4480
Acidithiomicrobium	11
Acidobacterium	35420
Acidocella	4
Acidomonas	3
Acidothermus	18864
Acidovorax	23794
Aciduliprofundum	449
Acinetobacter	5797
Acipenser	2
Acmopyle	1
Acorus	2
Acrasis	1
Acricotopus	1
Acrochaetium	1
Acropora	1
Actaea	1
Actinastrum	1
Actinidia	7
Actinoallomurus	21
Actinobacillus	1564
Actinobaculum	7
Actinocorallia	60
Actinomadura	174
Actinomyces	5305
Actinoplanes	516
Actinopolyspora	1
Actinosynnema	21598
Acyrthosiphon	152
Adiantum	7
Adineta	35
Adonis	1
Advenella	5
Aedes	291
Aegilops	3
Aeribacillus	2
Aerococcus	272
Aeromicrobium	2727
Aeromonas	3851
Aeropyrum	796
Aethionema	3
Afifella	13
Afipia	7828
Agaricus	11
Agathis	3
Agave	1
Aggregatibacter	502
Agreia	1
Agrobacterium	18890
Agromyces	12
Agropyron	1
Agrostis	1
Ahrensia	1814
Ailuropoda	189
Ajellomyces	353
Akkermansia	5399
Albidiferax	9906
Alcaligenes	132
Alcanivorax	3691
Aleuroglyphus	1
Alexandrium	2
Algoriphagus	4280
Alicycliphilus	4277
Alicyclobacillus	5572
Aliivibrio	954
Alistipes	1505
Alkalilactibacillus	1
Alkalilimnicola	5768
Alkalimonas	1
Alkaliphilus	4231
Allexis	1
Alligator	2
Allium	4
Allochromatium	3714
Allomyces	3
Alnus	11
Alopecurus	1
Alphabaculovirus	4
Alphalipothrixvirus	2
Alpheus	2
Alternanthera	1
Alternaria	7
Alteromonas	2292
Alyssum	1
Amanita	1
Amaranthus	3
Amastigomonas	1
Amblyomma	1
Amborella	2
Ambrosia	1
Ambystoma	1
Amia	1
Aminobacter	17
Aminobacterium	928
Aminomonas	1037
Ammonifex	3441
Amoeba	2
Amorphocerus	1
Amphidinium	6
Amphimedon	30
Amphithyrus	1
Amycolatopsis	28002
Amylomyces	1
Anabaena	17456
Anaerobaculum	1456
Anaerobranca	3
Anaerococcus	595
Anaerofustis	258
Anaerolinea	7541
Anaeromyxobacter	61281
Anaerostipes	364
Anaerotruncus	794
Anagrus	1
Ananas	1
Anaplasma	636
Anas	6
Ancylobacter	7
Ancylostoma	1
Andropogon	1
Aneurinibacillus	27
Angiopteris	5
Angiostrongylus	2
Anguilla	2
Anisakis	1
Annona	1
Anopheles	627
Anoplocephala	1
Anoplopoma	11
Anoxybacillus	2160
Anser	1
Anterhynchium	1
Anthela	1
Antheraea	1
Anthoceros	7
Anthostema	1
Anticarsia	1
Antipaluria	4
Antirrhinum	1
Antitrichia	1
Antonospora	4
Aphanizomenon	39
Aphanomyces	1
Aphanothece	5
Aphelenchoides	1
Aphelenchus	1
Aphodius	1
Aphonopelma	1
Apis	195
Aplysia	10
Aplysina	3
Apodachlya	1
Apodemus	1
Apteryx	2
Aquabacterium	9
Aquaspirillum	1
Aquifex	3801
Arabidopsis	3235
Arachis	8
Araucaria	1
Arcanobacterium	581
Archaeoglobus	2002
Archiearis	1
Arcobacter	939
Arhodomonas	1
Aristolochia	1
Arnebia	1
Aromatoleum	11538
Arsenophonus	125
Artemia	4
Artemisia	4
Arthraxon	1
Arthrinium	59
Arthrobacter	30350
Arthroderma	296
Arthrospira	4119
Asaia	7
Asarum	1
Ascaris	6
Ascidia	2
Ascobolus	249
Ascophyllum	1
Ascovirus	1
Asfivirus	3
Asobara	1
Asparagus	5
Aspergillus	3227
Asplenium	1
Astatumen	1
Asticcacaulis	3384
Atopobium	1029
Atrina	2
Atriplex	1
Atropa	1
Aurantimonas	9446
Aureobasidium	24
Aureococcus	4
Austroneurorthus	1
Austrotinodes	1
Avena	2
Avibacterium	5
Avicennia	1
Avipoxvirus	4
Azoarcus	11425
Azohydromonas	8
Azorhizobium	15242
Azospirillum	16040
Azotobacter	3557
Babesia	20
Bacillus	48409
Bacteriovorax	1369
Bacteroides	19701
Baloskion	1
Bambusa	3
Bartonella	2677
Basfia	568
Basidiobolus	9
Bathymodiolus	1
Batis	1
Batrachospermum	1
Bdellovibrio	5168
Beggiatoa	2753
Beijerinckia	6162
Bembidion	1
Bergeriella	1
Bergeyella	5
Bermanella	562
Besnoitia	36
Beta	10
Betabaculovirus	1
Betaentomopoxvirus	1
Betula	1
Beutenbergia	9051
Bhargavaea	1
Bibersteinia	19
Bienertia	1
Bifidobacterium	4728
Bigelowiella	8
Bilophila	719
Biomphalaria	2
Bionectria	1
Biston	3
Blakeslea	1
Blastobotrys	2
Blastochloris	53
Blastocladiella	4
Blastocystis	1
Blastopirellula	24632
Blattabacterium	245
Blautia	1346
Blomia	1
Boa	1
Bodo	6
Bodomorpha	85
Boechera	1
Bogoriella	1
Bombyx	21
Borago	1
Bordetella	24976
Borrelia	569
Bos	694
Bosea	22
Bostrychia	32
Bothriocephalus	1
Bothrops	2
Botrynema	1
Botryococcus	3
Botryotinia	282
Boulengerula	1
Bouteloua	79
Bovista	12
Bpp-1-like viruses	12
Brachionichthys	1
Brachionus	5
Brachybacterium	2531
Brachymonas	12
Brachypodium	4
Brachyspira	1044
Bradyrhizobium	146755
Branchiostoma	867
Brassica	68
Brenneria	2
Brevibacillus	5355
Brevibacterium	3379
Brevundimonas	6506
Brimeura	1
Brochothrix	1
Bromheadia	2
Bromus	2
Brucella	10855
Brugia	127
Bruguiera	1
Bryopsis	1
Buchnera	357
Bulleidia	87
Burkholderia	105789
Burmannia	1
Bursaphelenchus	3
Bursaria	2
Bursera	1
Butyrivibrio	608
Caecilia	1
Caedibacter	1
Caenorhabditis	1167
Cafeteria	5
Caiman	2
Calanus	1
Caldanaerobacter	4693
Caldibacillus	13
Caldicellulosiruptor	5663
Calditerrivibrio	1409
Caldivirga	405
Caldococcus	1
Caligus	15
Calliphona	1
Calliphora	2
Callithamnion	1
Callithrix	6
Callorhinchus	1
Callosobruchus	2
Calostoma	1
Calothrix	29
Camelina	1
Camellia	7
Caminibacter	223
Campanula	1
Campiglossa	1
Campodea	1
Camponotus	70
Camptotheca	3
Campylobacter	2395
Canavalia	4
Candida	221
Candidatus Accumulibacter	7025
Candidatus Amoebophilus	806
Candidatus Azobacteroides	138
Candidatus Blochmannia	98
Candidatus Caldiarchaeum	49
Candidatus Cardinium	1
Candidatus Carsonella	3
Candidatus Chloracidobacterium	2074
Candidatus Cloacamonas	582
Candidatus Desulforudis	3658
Candidatus Endobugula	7
Candidatus Fritschea	4
Candidatus Hamiltonella	134
Candidatus Hodgkinia	1
Candidatus Korarchaeum	535
Candidatus Koribacter	57881
Candidatus Kuenenia	3803
Candidatus Liberibacter	127
Candidatus Magnetobacterium	17
Candidatus Micrarchaeum	97
Candidatus Nitrosocaldus	4
Candidatus Odyssella	69
Candidatus Parvarchaeum	75
Candidatus Pelagibacter	1727
Candidatus Phytoplasma	143
Candidatus Portiera	1
Candidatus Protochlamydia	1757
Candidatus Puniceispirillum	2231
Candidatus Regiella	90
Candidatus Rhodoluna	1
Candidatus Riesia	14
Candidatus Solibacter	163238
Candidatus Sulcia	79
Candidatus Zinderia	2
Canis	117
Capnocytophaga	1693
Capnodium	207
Capra	6
Capronia	16
Capsaspora	406
Capsella	3
Capsicum	9
Carabus	1
Carassius	6
Carbophilus	1
Carboxydothermus	6202
Carcinoscorpius	1
Cardiobacterium	555
Carica	4
Carnobacterium	231
Carpediemonas	1
Castellaniella	15
Catenibacterium	265
Catenophlyctis	38
Catenulispora	21127
Catenuloplanes	3
Catharanthus	8
Catonella	174
Caulobacter	33782
Cavia	31
Cellulomonas	8200
Cellulophaga	1194
Cellulosilyticum	577
Cellulosimicrobium	14
Cellvibrio	3143
Celosia	22
Cenarchaeum	1806
Cenchrus	2
Ceramium	1
Ceratitis	4
Ceratobasidium	1
Ceratocymba	2
Ceratocystis	3
Ceratophyllum	1
Ceratopteris	1
Ceratotherium	1
Cercomonas	1
Cercospora	58
Ceriantheopsis	1
Cervus	2
Cerylon	2
Chabertia	1
Chaetoceros	1
Chaetomidium	42
Chaetomium	562
Chaetopeltis	1
Chaetosphaeridium	11
Chamaecyparis	1
Chamaesiphon	4
Chara	20
Characoma	1
Chattonella	5
Chelativorans	13440
Chelatococcus	1
Chelidonium	1
Chelonus	1
Chironomus	4
Chitinophaga	25374
Chlamydia	1057
Chlamydomonas	579
Chlamydophila	500
Chlamydosaurus	1
Chlamys	3
Chlorella	521
Chloriridovirus	2
Chlorobaculum	4970
Chlorobium	11904
Chloroflexus	21042
Chlorogloeopsis	3
Chloroherpeton	4195
Chlorokybus	19
Chlorophytum	1
Chlorovirus	34
Choanoeca	1
Chondrina	1
Chondromyces	49
Chondrus	18
Choristoneura	1
Chromobacterium	5970
Chromohalobacter	4064
Chroococcidiopsis	2
Chroococcus	3
Chryseobacterium	2139
Chrysiptera	1
Chrysodidymus	2
Chrysomphalina	1
Chrysomyxa	1
Chrysoperla	1
Chthamalus	1
Chthoniobacter	54399
Chytriomyces	1
Cicer	9
Cinachyrella	1
Ciona	788
Cistus	1
Citreicella	1717
Citrobacter	1603
Citromicrobium	3675
Citrus	10
Clavibacter	8102
Claviceps	1
Clavispora	74
Clavulina	41
Cleome	3
Clostridium	28114
Coccidioides	299
Coccolithovirus	2
Coccomyxa	1
Cochliobolus	9
Cochliomyia	1
Cocos	1
Coelophrys	3
Coffea	3
Cohnella	8
Coleps	1
Colias	1
Collimonas	196
Collinsella	1251
Collybia	9
Colpophyllia	1
Columba	3
Colwellia	1940
Comamonas	5637
Condylostoma	1
Conexibacter	102080
Congregibacter	4375
Conicera	1
Conidiobolus	43
Coniothyrium	2
Conocephalum	1
Conocybe	1
Consolida	3
Convallaria	1
Coprinellus	1
Coprinopsis	166
Coprobacillus	253
Coprococcus	688
Coprothermobacter	969
Coptotermes	41
Coraliomargarita	3853
Corallina	8
Corallococcus	4
Cordyceps	10
Coriaria	1
Corticium	1
Corynebacterium	15038
Corynespora	1
Cossula	1
Cotesia	1
Coturnix	3
Couchioplanes	2
Coxiella	2570
Crangon	1
Crassostrea	3
Crassula	2
Craterostigma	12
Criblamydia	6
Cricetulus	3
Crithidia	3
Croceibacter	1378
Crocosphaera	1639
Crocus	1
Cronobacter	1368
Crotalus	1
Crustomastix	5
Cryphonectria	1
Cryptobacterium	829
Cryptococcus	92
Cryptomeria	9
Cryptomonas	6
Cryptopygus	1
Cryptoscenea	1
Cryptosporidium	87
Ctenocephalides	2
Ctenomys	1
Ctenopharyngodon	1
Ctenoplectra	1
Cucumis	32
Cucurbita	9
Culex	163
Culicoides	4
Cunina	1
Cunninghamella	15
Cuphea	11
Cupiennius	1
Cupriavidus	37299
Curtobacterium	7
Curvibacter	1992
Curvularia	10
Cuscuta	2
Cyamopsis	4
Cyanidioschyzon	371
Cyanidium	38
Cyanobacterium	8
Cyanobium	828
Cyanophora	119
Cyanoptyche	1
Cyanothece	23414
Cycas	7
Cyclamen	1
Cyclidia	1
Cycloclasticus	4
Cyclorana	1
Cyclotella	1
Cylindera	1
Cylindrocladium	1
Cylindrospermopsis	1019
Cylindrospermum	1
Cylindrotheca	1
Cynodon	3
Cynops	1
Cyphellophora	10
Cyphoderia	1
Cypridopsis	1
Cyprinus	2
Cypripedium	1
Cystobacter	144
Cytophaga	9402
Dactylellina	1
Dactylis	1
Dactylosporangium	65
Danio	872
Daphnia	317
Dasypogon	1
Dasypus	3
Datisca	1
Daucus	14
Debaryomyces	246
Dechloromonas	8646
Deferribacter	2039
Dehalococcoides	4968
Dehalogenimonas	2101
Deinococcus	18843
Deinopis	1
Delftia	7759
Demansia	2
Dendroctonus	1
Dendroligotrichum	1
Denitrovibrio	1743
Dermacoccus	2171
Dermatophilus	2
Desmidium	1
Desulfarculus	3774
Desulfatibacillum	5374
Desulfitobacterium	6574
Desulfobacterium	3094
Desulfobulbus	2564
Desulfococcus	4456
Desulfohalobium	2617
Desulfomicrobium	3785
Desulfomonile	8
Desulfonatronospira	1593
Desulfonispora	2
Desulfosporosinus	1
Desulfotalea	3241
Desulfothermus	1
Desulfotignum	21
Desulfotomaculum	9820
Desulfovibrio	28034
Desulfovirga	4
Desulfurella	2
Desulfurispirillum	1605
Desulfurivibrio	3315
Desulfurococcus	263
Desulfuromonas	3416
Desulfuromusa	4
Dethiobacter	2196
Dethiosulfovibrio	1471
Diadasia	1
Dialister	488
Dianthus	10
Diaphorina	1
Diaphorobacter	9
Dichelobacter	601
Dickeya	2783
Dicranum	1
Dictyocaulus	2
Dictyoglomus	3430
Dictyostelium	1371
Dictyota	2
Didelphis	1
Didinium	1
Dietzia	1578
Digitalis	3
Dinoroseobacter	4167
Dinothrombium	2
Dioscorea	2
Diospyros	1
Diphascon	32
Diphyllobothrium	1
Diploptera	1
Diplosphaera	4137
Dipodomys	13
Discophyton	1
Dixoniella	1
Doa	1
Dokdonia	1698
Dolichospermum	49
Doohwaniella	1
Dorea	430
Dothidea	88
Doxophyrtis	1
Draba	1
Draparnaldia	1
Drimys	1
Drosophila	1491
Dryopteris	2
Drypetes	1
Duganella	3
Dunaliella	8
Durinskia	5
Dyadobacter	14006
Dyella	6
Dyseriocrania	1
Ecdyonurus	18
Echinacea	1
Echinochloa	3
Echinococcus	5
Echinometra	1
Echinops	1
Echinostoma	1
Ectocarpus	380
Ectothiorhodospira	4
Edwardsiella	1172
Eggerthella	1332
Ehrlichia	538
Eikenella	378
Eimeria	7
Elaeis	2
Eleocharis	4
Elephas	1
Elizabethkingia	26
Ellisochloa	1
Elusimicrobium	959
Elymus	1
Elysia	30
Emericella	425
Emiliania	2
Emmelina	1
Emoia	3
Empedobacter	1
Empis	1
Encephalitozoon	45
Enchytraeus	4
Endarachne	1
Endocronartium	1
Endoriftia	691
Engaeus	1
Engelmanniella	2
Enhydrobacter	321
Ensifer	57
Entamoeba	96
Enterobacter	2185
Enterococcus	2418
Enterocytozoon	12
Enterorhabdus	3
Entodinium	1
Entoloma	1
Entomoplasma	8
Entyloma	5
Ephedra	1
Ephemerella	1
Ephydatia	4
Epichloe	3
Epicroseius	62
Epidermophyton	1
Epimartyria	1
Epinephelus	4
Epistenia	1
Epsilon15-like viruses	4
Eptatretus	1
Epulopiscium	176
Equisetum	4
Equus	102
Eremias	1
Eremococcus	145
Eremocosta	1
Eremosphaera	1
Eremothecium	105
Erica	1
Erinaceus	1
Eriospermum	1
Erwinia	1869
Erysipelothrix	132
Erythrobacter	18687
Erythromicrobium	2
Escherichia	4932
Esox	8
Ethanoligenens	973
Eubacterium	2930
Eucalyptus	11
Eucerceris	1
Eufolliculina	3
Euglena	13
Euglypha	27
Euhalothece	1
Eunice	1
Euphorbia	3
Euplotes	1
Eupronoe	1
Euprymna	1
Eurosta	1
Eurygaster	2
Eurytemora	1
Eurythenes	1
Eurythoe	1
Eutrema	1
Eutreptiella	1
Evania	1
Exiguobacterium	2208
Exophiala	4
Faecalibacterium	834
Fagopyrum	1
Fagus	1
Fasciola	2
Felis	5
Fenneropenaeus	9
Ferrimonas	1352
Ferroglobus	500
Ferroplasma	203
Fervidobacterium	1208
Festuca	1
Fibrobacter	1125
Fibrocapsa	1
Filaria	1
Filifactor	200
Filobasidiella	622
Finegoldia	397
Fischerella	99
Flaccisagitta	1
Flammeovirga	27
Flammulina	11
Flaveria	42
Flavobacterium	10651
Flectobacillus	1
Flexibacter	1
Flexistipes	6
Flexithrix	2
Floydiella	1
Fluoribacter	26
Flustra	1
Fonticula	2
Forsythia	1
Fragaria	6
Fragilariopsis	1
Francisella	1230
Frankia	107264
Frankliniella	1
Frateuria	3
Fritillaria	1
Fructobacillus	2
Fucus	7
Fulvimarina	2601
Funaria	1
Fundulus	3
Funneliformis	3
Fusarium	15
Fusobacterium	2475
Gadus	4
Gaeumannomyces	1
Galdieria	25
Gallibacterium	5
Gallionella	2772
Gallus	673
Gammarus	1
Ganoderma	130
Gardnerella	405
Gasterosteus	525
Gastrophysa	1
Geissois	1
Geitlerinema	2
Gemella	229
Geminocystis	24
Gemmata	35903
Gemmatimonas	43931
Geoalkalibacter	15
Geobacillus	12684
Geobacter	62171
Geodermatophilus	30632
Geopsychrobacter	2
Gephyrocapsa	1
Giardia	69
Gibberella	1385
Gigantocypris	1
Ginglymostoma	1
Ginkgo	3
Glaciecola	315
Glaciibacter	2
Glaucocystis	1
Globodera	1
Gloeobacter	19327
Gloeochaete	2
Gloeophyllum	2
Gloeothece	10
Gloiocephala	7
Glomerella	4
Glomus	1
Glossanodon	1
Glossina	39
Glottidia	1
Gluconacetobacter	8073
Gluconobacter	3988
Glycine	104
Glycomyces	17
Glyphium	5
Glyptapanteles	3
Gnetum	1
Goniomonas	1
Gonystylus	1
Goodyera	1
Gordonia	5655
Gordonibacter	359
Gorilla	2
Gossypium	12
Gracilaria	22
Gracilariophila	1
Gracilariopsis	3
Gramella	6113
Granulibacter	8742
Granulicatella	316
Granulicella	13892
Greniera	1
Griffithsia	2
Grosmannia	176
Guillardia	17
Guzmania	1
Gymnadenia	1
Gymnochlora	1
Gymnophrys	13
Gyraulus	1
Haemaphysalis	2
Haematococcus	2
Haemonchus	1
Haemophilus	2480
Hafnia	4
Hahella	5898
Haladaptatus	828
Halalkalicoccus	859
Halanaerobium	1567
Haliangium	30022
Halichoeres	1
Haliclona	1
Haliotis	7
Halisarca	1
Haloarcula	1564
Halobacillus	21
Halobacterium	690
Halochlorococcum	1
Halochromatium	3
Halococcus	1
Halocynthia	2
Haloferax	853
Halogeometricum	918
Halomicrobium	644
Halomonas	1901
Haloquadratum	596
Halorhabdus	462
Halorhodospira	3431
Halorubrum	524
Haloterrigena	1236
Halothece	1
Halothermothrix	2715
Halothiobacillus	1451
Hanseniella	1
Hapalopilus	75
Hapalosiphon	6
Haplopelma	1
Harpanthus	3
Harpegnathos	89
Harpochytrium	1
Hartmannella	67
Helianthus	7
Helicobacter	1965
Helicosporidium	11
Helicoverpa	4
Heliobacillus	367
Heliobacterium	4413
Heliophilum	8
Heliothis	6
Helobdella	1
Hemicentrotus	2
Hemiselmis	9
Herbaspirillum	4977
Herdmania	1
Herminiimonas	5825
Herpetosiphon	16806
Heterobasidion	2
Heterocapsa	6
Heterococcus	1
Heterodera	47
Heteromita	85
Heterosigma	10
Hevea	8
Hibberdia	1
Hibiscus	1
Hippoglossus	1
Hirschia	1727
Histomonas	2
Histophilus	445
Hoeflea	2839
Holdemania	425
Holospora	3
Homo	976
Hordeum	26
Humicola	1
Humulus	1
Hutchinsoniella	1
Hyacinthus	1
Hyaloraphidium	1
Hybanthus	1
Hydra	476
Hydractinia	1
Hydrilla	1
Hydrogenivirga	1370
Hydrogenobacter	1006
Hydrogenobaculum	794
Hydrogenophaga	110
Hydrogenophilus	11
Hydropsyche	1
Hyla	1
Hylobates	1
Hylomys	1
Hymenobacter	13
Hynobius	1
Hyperamoeba	1
Hyperthermus	420
Hyphochytrium	19
Hyphodontia	77
Hyphomicrobium	7506
Hyphomonas	5472
Hypnodendron	1
Hypocrea	13
Hypsizygus	1
I3-like viruses	27
Ichnanthus	1
Ichnovirus	1
Ictalurus	29
Ictidomys	3
Ideonella	2
Idiomarina	2184
Ignatzschineria	4
Ignicoccus	383
Ignisphaera	166
Ilyobacter	582
Imbribryum	20
Imperata	1
Imtechium	1
Indomelothria	1
Inocybe	1
Inovirus	3
Intrasporangium	8532
Ipomoea	10
Iridovirus	1
Isaria	59
Isatis	1
Ischnura	1
Isochrysis	3
Isoetes	5
Isosphaera	15978
Issatchenkia	1
Ixodes	320
Jaaginema	1
Janibacter	8687
Jannaschia	3292
Janthinobacterium	7847
Jasminum	2
Jatropha	1
Jeongeupia	1
Jeotgalibacillus	1
Jonesia	2059
Jonquetella	549
Jungermannia	1
Kangiella	1794
Karenia	29
Karlodinium	6
Katablepharis	110
Katsuwonus	1
Kazachstania	2
Ketogulonicigenium	2070
Kibdelosporangium	51
Kineococcus	16923
Kinetoplastibacterium	57
Kingella	314
Kitasatospora	5299
Klebsiella	3128
Klebsormidium	26
Kluyvera	3
Kluyveromyces	106
Kocuria	2125
Kohautia	1
Komagataella	64
Kordia	1443
Kosmotoga	1011
Kozakia	1
Kribbella	31288
Kryptoperidinium	11
Ktedonobacter	22092
Kukulcania	3
Kurthia	6
Kutzneria	27
Kyrpidia	4844
Kytococcus	3405
L5-like viruses	3
LUZ24-like viruses	3
Labidostomma	17
Labrenzia	9921
Laccaria	318
Laceyella	2
Lachancea	54
Lachnum	6
Lacrymaria	1
Lactobacillus	6849
Lactococcus	853
Lactuca	6
Lagothrix	1
Lama	2
Lambda-like viruses	43
Laminaria	2
Lampetra	1
Lampyroidea	1
Laphria	1
Laqueus	1
Laribacter	2316
Larix	1
Latimeria	1
Latrodectus	4
Lautropia	1184
Lawsonia	1103
Leadbetterella	3280
Lecanicillium	3
Lechevalieria	94
Leeuwenhoekiella	2870
Legionella	6469
Leifsonia	4661
Leishmania	377
Lemna	5
Lens	3
Lentinula	1
Lentisphaera	2021
Lentzea	4
Lepeophtheirus	18
Lepidiota	1
Lepidium	1
Lepisosteus	1
Leporipoxvirus	1
Leptobryum	2
Leptochiton	1
Leptocotis	1
Leptolyngbya	113
Leptosira	2
Leptosphaeria	191
Leptospira	6624
Leptospirillum	3481
Leptothrix	11201
Leptotrichia	831
Leptotrombidium	1
Leptoxyphium	4
Leucaena	1
Leucobryum	1
Leuconostoc	621
Leucoptera	1
Leucosolenia	1
Leucosporidium	1
Leucothrix	2
Libinia	1
Lichtheimia	1
Lignosus	27
Lilium	4
Limnanthes	1
Limnobacter	1637
Limonium	1
Lingulodinium	1
Liposcelis	1
Liriomyza	1
Listeria	3702
Listonella	8
Lithacodia	1
Lithospermum	1
Litopenaeus	3
Loa	90
Lobularia	2
Locusta	3
Lodderomyces	38
Loktanella	1290
Lolium	2
Lonomia	1
Lonsdalea	2
Lotus	7
Loxodonta	4
Lubomirskia	2
Lumbricus	3
Lupinus	10
Lutiella	3982
Lutzomyia	2
Lychnis	1
Lycosa	1
Lymnaea	3
Lymphocryptovirus	1
Lynceus	1
Lyngbya	2974
Lyophyllum	1
Lysinibacillus	1400
Lysiosquillina	1
Lysiphlebus	3
Lysobacter	79
Lytechinus	2
Macaca	319
Macavirus	2
Machimus	1
Maconellicoccus	7
Macrococcus	312
Macroglossum	1
Macropus	4
Macrotus	1
Madracis	1
Magnaporthe	414
Magnetococcus	4390
Magnetospirillum	33826
Magnolia	1
Makalata	1
Malassezia	128
Malawimonas	6
Malus	2
Manduca	9
Mannheimia	244
Marchantia	32
Mardivirus	1
Maribacter	4209
Maricaulis	7002
Marichromatium	5
Marinitoga	962
Marinobacter	9215
Marinobacterium	1
Marinococcus	3
Marinomonas	2741
Marinoscillum	1
Marinosulfonomonas	7
Mariprofundus	1496
Maritimibacter	2905
Marivirga	3208
Marphysa	1
Marsupenaeus	2
Martelella	3
Mastadenovirus	1
Mastigamoeba	4
Mastigocladus	7
Mayaca	4
Mayetiola	1
Medicago	82
Megacephala	1
Megaleranthis	2
Megalocytivirus	1
Megamonas	272
Megasphaera	666
Megathura	1
Megathymus	1
Meiothermus	11699
Melampsora	1
Melinis	1
Meliosma	1
Melittangium	42
Meloidogyne	3
Mentha	2
Mentzelia	1
Merxmuellera	646
Mesembryanthemum	15
Mesochaete	1
Mesocricetus	15
Mesocyclops	1
Mesoplasma	70
Mesorhizobium	50286
Mesostigma	23
Metallosphaera	491
Metapenaeus	1
Metaporana	1
Metarhizium	397
Methanobacterium	3
Methanobrevibacter	443
Methanocaldococcus	1623
Methanocella	1083
Methanococcoides	926
Methanococcus	1002
Methanocorpusculum	420
Methanoculleus	1817
Methanofollis	3
Methanohalobium	402
Methanohalophilus	433
Methanoplanus	340
Methanopyrus	731
Methanoregula	1342
Methanosaeta	1236
Methanosarcina	6039
Methanosphaera	239
Methanosphaerula	1249
Methanospirillum	1044
Methanothermobacter	1751
Methanothermococcus	92
Methanothermus	242
Methylacidiphilum	7404
Methylibium	15102
Methylobacillus	5380
Methylobacter	4532
Methylobacterium	77069
Methylocapsa	6
Methylocella	9602
Methylococcus	7635
Methylocystis	4027
Methylohalobius	2
Methylomicrobium	4
Methylomonas	9
Methylophaga	966
Methylophilus	72
Methylosinus	5883
Methylosulfonomonas	4
Methylotenera	3532
Methylothermus	1
Methyloversatilis	27
Methylovorus	3112
Methylovulum	1
Metridium	6
Metroxylon	1
Metschnikowia	1
Meyerozyma	109
Miamiensis	1
Micavibrio	8
Microbacterium	86
Microbispora	29
Microbulbifer	6
Microchaete	87
Micrococcus	2431
Microcoleus	5275
Microcosmus	1
Microcystis	3873
Microhyla	1
Microlunatus	5
Micromonas	627
Micromonospora	54795
Micropterus	1
Microscilla	4431
Microstroma	1
Microtetraspora	1
Microtus	2
Milium	1
Milnesium	1
Mimivirus	20
Miscanthus	2
Mitsuokella	865
Mobiluncus	1389
Moina	1
Molgula	1
Monacrosporium	1
Moneuplotes	2
Moniliophthora	140
Monocercomonoides	2
Monochoria	1
Monodelphis	560
Monodus	1
Monomastix	1
Monosiga	414
Montagnula	4
Moorella	8059
Moraxella	269
Mordella	1
Morganella	11
Moritella	613
Mortierella	496
Morus	2
Mu-like viruses	3
Mucilaginibacter	5903
Mucor	3
Muntiacus	1
Muraltia	1
Mus	863
Musa	5
Myceliophthora	2
Mycena	1
Mycetocola	3
Mychonastes	1
Mycobacterium	120938
Mycodrosophila	1
Mycoplana	7
Mycoplasma	728
Mycosphaerella	2
Myctolaimus	80
Myotis	13
Myroides	3
Myrothecium	73
Mytilus	12
Myxine	5
Myxococcus	48864
Myxozyma	12
Myzus	1
N15-like viruses	2
N4-like viruses	3
Naegleria	403
Naja	1
Nakamurella	16168
Nakaseomyces	83
Nandina	1
Nannochloris	2
Nannocystis	4
Nanoarchaeum	47
Nardus	1
Nasonia	146
Natranaerobius	1486
Natrialba	724
Natronobacterium	1
Natronococcus	2
Natronomonas	914
Naumovozyma	1
Nautilia	344
Navicula	2
Nectria	450
Negativicoccus	1
Neisseria	3819
Nelumbo	3
Nematostella	884
Nemophila	1
Neoasaia	12
Neocallimastix	12
Neocalosoter	1
Neoceratium	2
Neochlamydia	1
Neocosmospora	1
Neogonodactylus	2
Neoparamoeba	5
Neorickettsia	242
Neosartorya	310
Neottiosporina	2
Neovison	1
Nephila	2
Nephroselmis	15
Neptuniibacter	1017
Nerium	1
Nesterenkonia	3
Neurospora	1110
Nicoletella	1
Nicotiana	145
Nilaparvata	3
Nitratifractor	331
Nitratiruptor	27
Nitrobacter	45810
Nitrococcus	4830
Nitrosococcus	18922
Nitrosomonas	11512
Nitrosopumilus	4064
Nitrososphaera	640
Nitrosospira	11698
Nitrosovibrio	21
Nitrospira	15810
Nocardia	16279
Nocardioides	47703
Nocardiopsis	10229
Noctiluca	1
Nodularia	2330
Nolanea	35
Nonomuraea	138
Nosema	7
Nostoc	20701
Notophthalmus	1
Novosphingobium	18455
Nuphar	1
Nyctotherus	1
Nymphaea	2
Nymphon	1
Obelia	1
Obesumbacterium	1
Oceanibulbus	1306
Oceanicaulis	2643
Oceanicola	5583
Oceanimonas	1
Oceanithermus	2459
Oceanobacillus	2245
Oceanobacter	1
Oceanospirillum	1
Ochrobactrum	8651
Ochromonas	3
Octadecabacter	2695
Octopoteuthis	1
Octopus	1
Ocys	1
Odontella	24
Odontoglaja	2
Odontoschisma	1
Oedogonium	3
Oenococcus	235
Oenothera	6
Oerskovia	1
Ogataea	49
Oikopleura	196
Okibacterium	1
Olea	1
Oleispira	2
Oleomonas	5
Oliera	1
Oligotropha	10916
Olimarabidopsis	1
Olisthodiscus	2
Olpidium	2
Olsenella	495
Oltmannsiellopsis	4
Omphalotus	1
Onchocerca	1
Oncopeltus	1
Oncorhynchus	11
Onobrychis	1
Oocystis	6
Oogamochlamys	14
Ophelia	2
Ophiocordyceps	74
Ophioglossum	1
Ophiostoma	1
Opilio	1
Opisthorchis	1
Opitutus	31112
Opsanus	4
Oratosquilla	1
Orcinus	1
Oreochromis	4
Oribacterium	424
Orientia	300
Ornithobacterium	3
Ornithodoros	5
Ornithorhynchus	153
Orpinomyces	1
Orthopoxvirus	2
Oryctolagus	98
Oryza	1479
Oryzias	7
Oscillatoria	4205
Oscillochloris	6539
Osmerus	23
Osteoglossum	2
Ostertagia	1
Ostreococcus	545
Otolemur	3
Ovis	26
Oxalobacter	1629
Oxobacter	6
Oxyrrhis	2
Oxyuranus	1
P1-like viruses	3
P2-like viruses	23
P22-like viruses	20
Pacifastacus	2
Paecilomyces	1
Paenibacillus	15576
Paenochrobactrum	1
Palaeococcus	1
Palpitomonas	1
Paludibacter	1849
Pan	265
Panax	1
Pandinus	1
Pandoraea	1
Panicum	1
Pantoea	2963
Pantolytomyia	1
Papaver	4
Paphia	1
Papilio	2
Papio	4
Parabacteroides	4438
Paracentrotus	1
Parachaenichthys	1
Parachlamydia	1139
Parachlorella	4
Paracoccidioides	172
Paracoccus	6061
Parallela	2
Paramecium	268
Paranoplocephala	1
Parascardovia	195
Parasteatoda	3
Paraurostyla	1
Parvibaculum	15766
Parvularcula	2202
Paspalum	1
Passalora	5
Passiflora	1
Pasteurella	681
Pasteuria	7
Patiria	1
Paucimonas	56
Paulinella	17
Pavlova	2
Pectinatus	1
Pectobacterium	3015
Pedetontus	1
Pediculus	173
Pedinomonas	2
Pediococcus	448
Pedobacter	16832
Pedomicrobium	5
Pedosphaera	108
Pelagibaca	2183
Pelargonium	2
Pelobacter	16568
Pelodictyon	4172
Pelomonas	6
Pelotomaculum	7351
Penaeus	4
Penicillium	602
Penium	1
Peptococcus	4
Peptoniphilus	655
Peptostreptococcus	384
Peranema	1
Peridictyon	1
Perilla	2
Peripatus	1
Perkinsus	145
Peromyscus	3
Peronospora	1
Persephonella	1290
Petropedetes	1
Petroselinum	16
Petrotoga	824
Petunia	6
Pexicopia	1
Pfiesteria	9
Phaeobacter	1009
Phaeoceros	2
Phaeodactylum	321
Phaeolus	22
Phaeosphaeria	458
Phaeovirus	2
Phakopsora	1
Phalaenopsis	4
Phanerochaete	9
Pharus	1
Phascolarctobacterium	443
Phaseolus	18
Phelsuma	1
Phenylobacterium	14577
PhiC31-like viruses	14
Phieco32-like viruses	3
Philodina	9
Phlebotomus	25
Phoca	1
Phocoenobacter	1
Pholidoptera	69
Phoma	3
Phormidium	4
Phoronis	1
Photinus	1
Photobacterium	2538
Photorhabdus	1807
Photuris	1
Phragmites	3
Phthirusa	6
Phyciodes	1
Phycomyces	5
Phyllobacterium	64
Phyllocnistis	1
Phyllostachys	5
Physarum	42
Physcomitrella	1091
Physoderma	1
Phytolacca	1
Phytomonas	3
Phytophthora	455
Phytopythium	1
Picea	187
Pichia	7
Picrophilus	290
Pigmentiphaga	1
Pimelobacter	112
Pimpla	1
Pinctada	12
Pinguiococcus	1
Pinus	15
Pirellula	28341
Piriformospora	2
Piromyces	2
Pisaster	2
Piscirickettsia	1
Pisolithus	2
Pisum	83
Plagiomnium	1
Plagioselmis	1
Planctomyces	42593
Planktothrix	321
Planobispora	5
Planococcus	593
Plantago	3
Plasmodiophora	82
Plasmodium	325
Plasmopara	2
Platanista	1
Platanus	1
Platynereis	1
Plectranthus	1
Plectus	2
Plesiocystis	10853
Plesiomonas	5
Plesionika	1
Pleurocapsa	7
Pleurocybella	1
Pleuronectes	1
Pleurotus	18
Pneumocystis	6
Poa	1
Pocillopora	1
Podosphaera	1
Podospora	515
Podura	1
Poecilia	4
Polaribacter	2355
Polaromonas	25535
Polyandrocarpa	2
Polyascus	1
Polymorphospora	2
Polymyxa	5
Polynucleobacter	3526
Polyomavirus	1
Polypedilum	1
Polyplastron	2
Polyporus	1
Polysphondylium	419
Polytomella	12
Polyzonium	1
Pongo	148
Populus	985
Porphyra	21
Porphyridium	1
Porphyrobacter	4
Porphyromonas	2193
Postia	123
Potentilla	1
Potyvirus	2
Powellomyces	129
Prasinococcus	1
Prasinovirus	12
Pratylenchus	3
Prauserella	1
Prevotella	4590
Priapulus	1
Primula	2
Prismosticta	1
Procambarus	2
Procavia	1
Prochlorococcus	3890
Prochloron	15
Prochlorothrix	2
Proctophyllodes	1
Prodoxus	2
Promicromonospora	3
Propionibacterium	6831
Propionigenium	10
Prorocentrum	2
Prosthecobacter	103
Prosthecochloris	2656
Prosthecomicrobium	3
Protaspis	2
Proteus	1084
Prototheca	34
Providencia	1048
Prunus	4
Psathyrostachys	1
Pseudaminobacter	4
Pseudanabaena	14
Pseudendoclonium	6
Pseudimbrasia	1
Pseudo-nitzschia	1
Pseudoalteromonas	6175
Pseudobrachypeza	1
Pseudochlorella	1
Pseudochrobactrum	3
Pseudoflavonifractor	599
Pseudogluconobacter	10
Pseudomonas	58721
Pseudonaja	1
Pseudonocardia	240
Pseudopanurgus	1
Pseudopleuronectes	2
Pseudoramibacter	241
Pseudotsuga	1
Pseudourostyla	1
Pseudovibrio	3049
Pseudoxanthomonas	3809
Psilotum	2
Psychrobacter	1676
Psychroflexus	1085
Psychromonas	1815
Pterocladiella	1
Puccinia	125
Pycnococcus	3
Pylaiella	5
Pylaisia	1
Pyramidobacter	564
Pyramimonas	3
Pyrenacantha	1
Pyrenomonas	1
Pyrenophora	392
Pyrgillus	16
Pyrobaculum	1374
Pyrococcus	2281
Pyrodictium	3
Pyrophorus	1
Pyropia	46
Pythium	2
Python	1
Quercus	1
Radopholus	17
Rahnella	447
Ralstonia	21020
Ramichloridium	27
Rana	18
Ranavirus	2
Raoultella	1
Raphanus	2
Raphidiopsis	811
Rarobacter	1
Rathayibacter	2
Rattus	839
Reboulia	2
Reclinomonas	27
Reinekea	1385
Renibacterium	2968
Renilla	1
Reticulitermes	2
Rhabdochromatium	2
Rhacophorus	1
Rhadinovirus	8
Rheinheimera	1
Rhinolophus	2
Rhipicephalus	3
Rhizobium	58306
Rhizoclosmatium	1
Rhizomucor	12
Rhizophagus	39
Rhizophlyctis	1
Rhizophydium	1
Rhizoplaca	2
Rhizopus	7
Rhodactis	1
Rhodanobacter	7
Rhodiola	8
Rhodnius	1
Rhodobaca	1
Rhodobacter	15047
Rhodobium	4
Rhodoblastus	2
Rhodocista	1
Rhodococcus	53757
Rhodocollybia	61
Rhodocyclus	3
Rhodoferax	9
Rhodomicrobium	5757
Rhodomonas	21
Rhodopirellula	31783
Rhodoplanes	9
Rhodopseudomonas	99781
Rhodospirillum	28196
Rhodothalassium	14
Rhodothermus	13576
Rhodovulum	9
Ricinus	2855
Rickettsia	2369
Rickettsiella	340
Riemerella	584
Riftia	1
Rikenella	1
Robiginitalea	4220
Robinia	1
Roella	1
Rosacea	1
Roseateles	2
Roseburia	565
Roseibium	2783
Roseiflexus	40023
Roseivivax	1
Rosellinia	1
Roseobacter	11554
Roseomonas	10193
Roseovarius	6268
Rothia	1459
Roya	3
Rubritalea	4
Rubrivivax	1
Rubrobacter	47783
Rubus	1
Ruegeria	11294
Ruminococcus	1958
Ruthnielsenia	1
SPO1-like viruses	4
SPbeta-like viruses	11
Sabatinca	1
Saccharomonospora	12621
Saccharomyces	364
Saccharomycopsis	1
Saccharophagus	3458
Saccharopolyspora	27094
Saccharothrix	124
Saccharum	3
Sacciolepis	1
Saccoglossus	255
Sagitta	1
Sagittula	2219
Sakaguchia	3
Salinibacter	10133
Salinibacterium	1
Salinispora	53142
Salmo	82
Salmonella	2791
Sanguibacter	4931
Saprospira	1
Sarcomyxa	40
Sarcoptes	1
Sawyeria	4
Scagea	7
Scardovia	156
Scedosporium	1
Scelio	1
Scenedesmus	3
Scheffersomyces	190
Scherffelia	1
Schiedea	1
Schistocerca	2
Schistosoma	144
Schizochytrium	2
Schizophyllum	268
Schizosaccharomyces	661
Schizothecium	99
Schizymenia	1
Schlegelella	1
Sclerotinia	448
Scopulariopsis	2
Scorpidium	1
Scylla	4
Scytonema	7
Sebacina	40
Sebaldella	879
Secale	2
Seculamonas	3
Sedum	10
Segniliparus	2626
Seinonella	15
Selaginella	635
Selenastrum	1
Selenomonas	3058
Sennertionyx	29
Serpula	372
Serratia	3807
Sesamia	1
Sesamum	1
Sesbania	1
Setaria	1
Shewanella	15300
Shigella	1507
Shinella	2
Shuttleworthia	216
Sideroxydans	4263
Silene	4
Simkania	3
Simonsiella	247
Simulium	1
Sinapis	8
Siniperca	1
Sinobacter	1
Sinorhizobium	43158
Sistotrema	236
Sisymbrium	1
Sitophilus	1
Skermania	1
Slackia	1140
Smittium	2
Sodalis	695
Soehngenia	1
Solanum	221
Solenopsis	56
Solenostemon	1
Soliformovum	1
Solimonas	1
Solobacterium	57
Sonchus	1
Sorangium	52463
Sorbus	1
Sordaria	864
Sorex	2
Sorghum	698
Sparassis	1
Sparus	2
Sphaceloma	1
Sphaerobacter	24191
Sphaerospermopsis	1
Sphaerotilus	1
Sphenophorus	1
Sphenopus	1
Sphingobacterium	3682
Sphingobium	22429
Sphingomonas	38948
Sphingopyxis	17398
Sphingosinicella	12
Spinacia	3
Spirillospora	1
Spirochaeta	3673
Spirodela	1
Spirogyra	1
Spironucleus	2
Spiroplasma	64
Spirosoma	20956
Spirulina	21
Spizellomyces	4
Spodoptera	11
Spongilla	81
Spongiobranchaea	1
Sporanaerobacter	2
Sporastatia	2
Sporidiobolus	1
Sporolactobacillus	2
Sporomusa	1
Sporopachydermia	1
Sporosarcina	22
Sporothrix	1
Squalus	5
Stackebrandtia	15179
Stangeria	1
Stanieria	1
Staphylococcus	3920
Staphylothermus	498
Stappia	10
Starkeya	12592
Starmerella	1
Staurastrum	7
Stegnaster	1
Stellaria	2
Stenotrophomonas	10002
Sterkiella	1
Stevia	3
Stichococcus	1
Stichopus	1
Stigeoclonium	4
Stigmatella	28361
Stilbocrea	58
Stomoxys	1
Streblomastix	1
Streptoalloteichus	112
Streptobacillus	230
Streptocephalus	2
Streptococcus	4886
Streptomyces	250389
Streptosporangium	31191
Striga	1
Strigomonas	1
Strobilanthes	1
Strongylocentrotus	458
Struthio	1
Suaeda	4
Subdoligranulum	342
Suberites	18
Succinatimonas	166
Suipoxvirus	1
Sulfitobacter	1464
Sulfobacillus	26
Sulfolobus	1839
Sulfophobococcus	2
Sulfuricurvum	342
Sulfurihydrogenibium	2347
Sulfurimonas	646
Sulfurisphaera	1
Sulfurospirillum	443
Sulfurovum	715
Sus	199
Sutterella	385
Swaminathania	2
Sycon	1
Symbiobacterium	13563
Symbiodinium	2
Symbion	1
Symploca	1
Synaphobranchus	1
Synechococcus	26661
Synechocystis	4457
Syntrichia	3
Syntrophobacter	15292
Syntrophomonas	2962
Syntrophothermus	2405
Syntrophus	8399
Syringoderma	1
T4-like viruses	29
T7-like viruses	6
Taenia	2
Taeniopygia	161
Takakia	1
Takifugu	23
Talaromyces	370
Tannerella	7
Tanystylum	1
Tapinella	16
Tatlockia	4
Tatumella	3
Taylorella	288
Teilingia	1
Telonema	12
Tenebrio	1
Tepidimonas	1
Terasakiella	1
Terebratulina	1
Teredinibacter	1912
Terrabacter	110
Terriglobus	17072
Terrimonas	65
Tetragenococcus	6
Tetrahymena	208
Tetraodon	805
Thalassiosira	383
Thalassobium	492
Thalassobius	1
Thalassospira	8
Thalictrum	1
Thauera	139
Thaumatomonas	1
Theileria	38
Theobroma	2
Thermacetogenium	7
Thermaerobacter	10970
Thermanaerovibrio	1465
Thermincola	3463
Thermoactinomyces	75
Thermoanaerobacter	4472
Thermoanaerobacterium	1667
Thermobacillus	2
Thermobaculum	13475
Thermobifida	16352
Thermobispora	11302
Thermochromatium	10
Thermococcus	2497
Thermocrinis	1046
Thermocrispum	4
Thermodesulfatator	1
Thermodesulfobium	1
Thermodesulfovibrio	2947
Thermofilum	746
Thermoleophilum	14
Thermomicrobium	10964
Thermomonospora	18531
Thermomucor	1
Thermomyces	1
Thermoplasma	647
Thermopolyspora	1
Thermoproteus	175
Thermosediminibacter	2453
Thermosinus	3260
Thermosipho	1482
Thermosphaera	138
Thermosynechococcus	4099
Thermotoga	6291
Thermovibrio	1360
Thermus	11430
Theromyzon	1
Thioalkalivibrio	7936
Thiobacillus	8210
Thiocapsa	19
Thiococcus	1
Thiocystis	14
Thiodictyon	1
Thiohalocapsa	1
Thiolamprovum	3
Thiomicrospira	1526
Thiomonas	2837
Thiothrix	2
Thorea	11
Thraustochytrium	1
Thulinius	1
Tigriopus	6
Tillandsia	2
Tilletia	1
Tischeria	1
Tissierella	10
Tistrella	3
Tmesipteris	1
Tolumonas	940
Tolypothrix	144
Tomitella	3
Torpedo	2
Torrubiella	3
Tortula	1
Torulaspora	1
Toxoplasma	143
Toxoptera	1
Trachelium	1
Trachemys	1
Trachipleistophora	2
Trebouxia	1
Trechispora	5
Tremella	54
Treponema	1776
Tribolium	287
Trichinella	74
Trichoderma	6
Trichodesmium	4222
Tricholoma	2
Trichomitus	1
Trichomonas	192
Trichophyton	94
Trichoplax	360
Trichoplusia	1
Trichormus	1073
Trichosporon	3
Trichotomospora	3
Trifolium	9
Trillium	1
Trimastix	7
Trimorphomyces	1
Triops	1
Tripsacum	1
Tristachya	1
Trithuria	1
Triticum	29
Tritrichomonas	3
Trollius	1
Tropheryma	568
Truepera	6263
Trueperella	38
Trypanosoma	384
Tsukamurella	4140
Tuber	187
Tupaia	1
Turbina	2
Turbopsebius	1
Turicella	2
Turicibacter	256
Udeniomyces	42
Ulocladium	14
Ulva	1
Uncinocarpus	205
Undaria	1
Ureaplasma	86
Urechis	2
Urochloa	2
Urodus	1
Urotrichus	1
Ustilago	376
Vaccinium	2
Vanderwaltozyma	49
Vanessa	2
Vanilla	7
Vannella	1
Vannuccia	1
Varicellovirus	3
Variovorax	22304
Vaucheria	1
Veillonella	1547
Venturia	1
Verminephrobacter	14650
Verrucomicrobium	17485
Verrucosispora	1
Verticillium	247
Vibrio	9712
Vicia	6
Victivallis	1570
Vigna	22
Virgibacillus	12
Vitis	473
Vitreoscilla	7
Vogesella	1
Volkiella	1
Volucribacter	2
Volvariella	1
Volvox	628
Vulcanisaeta	234
Waddlia	1034
Weeksella	418
Weissella	130
Westiellopsis	14
Whispovirus	1
Wigglesworthia	56
Williamsia	1
Withania	1
Wolbachia	1136
Wolinella	921
Xanthobacter	19098
Xanthomonas	28924
Xenograpsus	1
Xenophilus	4
Xenopus	1354
Xenorhabdus	1014
Xenoturbella	2
Xerocomus	1
Xeromphalina	13
Xiphias	1
Xiphinema	9
Xylanimicrobium	3
Xylanimonas	5408
Xylella	4121
Yarrowia	391
Yersinia	5261
Yunkeracarus	32
Zea	438
Zingiber	1
Zonotrichia	4
Zoogloea	17
Zoophthora	2
Zopfiella	28
Zunongwangia	2686
Zygnema	14
Zygoascus	3
Zygosaccharomyces	58
Zymomonas	7143
Zymoseptoria	7
phiKMV-like viruses	1
phiKZ-like viruses	3
unclassified (derived from Acidobacteria)	5196
unclassified (derived from Acidobacteriales)	565
unclassified (derived from Actinobacteria (class))	1153
unclassified (derived from Actinomycetales)	2
unclassified (derived from Alloherpesviridae)	2
unclassified (derived from Alphaproteobacteria)	18097
unclassified (derived from Alteromonadales)	508
unclassified (derived from Amphipoda)	1
unclassified (derived from Archaea)	568
unclassified (derived from Bacteria)	29817
unclassified (derived from Bacteroidetes)	923
unclassified (derived from Betaproteobacteria)	276
unclassified (derived from Bradyrhizobiaceae)	1
unclassified (derived from Burkholderiales)	552
unclassified (derived from Campylobacteraceae)	1
unclassified (derived from Campylobacterales)	202
unclassified (derived from Caudovirales)	13
unclassified (derived from Cecidomyiidae)	1
unclassified (derived from Chaetothyriales)	31
unclassified (derived from Chloroflexi)	404
unclassified (derived from Choanoflagellida)	1
unclassified (derived from Chromatiales)	51
unclassified (derived from Chromerida)	3
unclassified (derived from Chroococcales)	189
unclassified (derived from Clostridia)	249
unclassified (derived from Clostridiaceae)	1
unclassified (derived from Clostridiales Family XI. Incertae Sedis)	146
unclassified (derived from Clostridiales)	1174
unclassified (derived from Coleoptera)	1
unclassified (derived from Collembola)	1
unclassified (derived from Comamonadaceae)	26
unclassified (derived from Crenarchaeota)	836
unclassified (derived from Cyanobacteria)	18
unclassified (derived from Deltaproteobacteria)	6208
unclassified (derived from Desulfobacterales)	78
unclassified (derived from Desulfobulbaceae)	1
unclassified (derived from Desulfovibrionales)	2
unclassified (derived from Diptera)	1
unclassified (derived from Dothideomycetes)	54
unclassified (derived from Elusimicrobia)	374
unclassified (derived from Enterobacteriaceae)	246
unclassified (derived from Epsilonproteobacteria)	4
unclassified (derived from Erysipelotrichaceae)	890
unclassified (derived from Eukaryota)	10
unclassified (derived from Euryarchaeota)	2246
unclassified (derived from Firmicutes)	1
unclassified (derived from Flavobacteriaceae)	1361
unclassified (derived from Flavobacteriales)	2102
unclassified (derived from Flavobacteriia)	1812
unclassified (derived from Francisellaceae)	1
unclassified (derived from Fungi)	7
unclassified (derived from Gammaproteobacteria)	12094
unclassified (derived from Gemmatimonadales)	618
unclassified (derived from Geobacteraceae)	1
unclassified (derived from Halobacteriaceae)	51
unclassified (derived from Holosporaceae)	2
unclassified (derived from Hymenoptera)	1
unclassified (derived from Inoviridae)	2
unclassified (derived from Ktedonobacteria)	2
unclassified (derived from Lachnospiraceae)	545
unclassified (derived from Methylocystaceae)	1
unclassified (derived from Methylophilaceae)	3
unclassified (derived from Methylophilales)	212
unclassified (derived from Microbacteriaceae)	1
unclassified (derived from Moraxellaceae)	2
unclassified (derived from Myoviridae)	124
unclassified (derived from Myxococcales)	198
unclassified (derived from Nitrosomonadaceae)	41
unclassified (derived from Nitrospinaceae)	68
unclassified (derived from Nitrospirae)	76
unclassified (derived from Oceanospirillales)	409
unclassified (derived from Opitutae)	2
unclassified (derived from Oxalobacteraceae)	1
unclassified (derived from Oxymonadida)	1
unclassified (derived from Pasteurellaceae)	5
unclassified (derived from Pelagophyceae)	1
unclassified (derived from Pennatulacea)	1
unclassified (derived from Peptostreptococcaceae)	2459
unclassified (derived from Phycodnaviridae)	3
unclassified (derived from Placozoa)	1
unclassified (derived from Planctomycetaceae)	6
unclassified (derived from Planctomycetales)	453
unclassified (derived from Podoviridae)	70
unclassified (derived from Poribacteria)	2823
unclassified (derived from Porifera)	1
unclassified (derived from Prasinophyceae)	1
unclassified (derived from Propionibacteriaceae)	1
unclassified (derived from Proteobacteria)	527
unclassified (derived from Pseudomonadales)	9
unclassified (derived from Rhizobiaceae)	6
unclassified (derived from Rhizobiales)	60
unclassified (derived from Rhodobacteraceae)	2531
unclassified (derived from Rhodobacterales)	1383
unclassified (derived from Rhodocyclaceae)	5
unclassified (derived from Rhodospirillales)	206
unclassified (derived from Ruminococcaceae)	318
unclassified (derived from Sebdeniales)	1
unclassified (derived from Simkaniaceae)	3
unclassified (derived from Siphoviridae)	283
unclassified (derived from Sphingobacteriales)	63
unclassified (derived from Sphingomonadaceae)	22
unclassified (derived from Sphingomonadales)	28
unclassified (derived from Spirochaetales)	22
unclassified (derived from Synergistetes)	319
unclassified (derived from Thaumarchaeota)	2166
unclassified (derived from Thermoanaerobacterales)	1
unclassified (derived from Thermomicrobia (class))	10
unclassified (derived from Thermomonosporaceae)	1
unclassified (derived from Thermotogales)	7
unclassified (derived from Verrucomicrobia)	922
unclassified (derived from Verrucomicrobiaceae)	1
unclassified (derived from Verrucomicrobiales)	4527
unclassified (derived from Vibrionaceae)	611
unclassified (derived from Vibrionales)	161
unclassified (derived from Viruses)	166
unclassified (derived from other sequences)	779
unclassified (derived from unclassified sequences)	8102
x Tritordeum	2
