SampleID	CPER_002-M-20140117
Abiotrophia	466
Absidia	1
Abudefduf	1
Acanella	1
Acanthamoeba	79
Acanthascus	1
Acanthaster	1
Acanthocardia	14
Acanthocyclops	1
Acanthopagrus	1
Acanthoscurria	1
Acaryochloris	10076
Acephala	1
Acetabularia	9
Acetivibrio	1858
Acetobacter	2938
Acetobacterium	12
Acetohalobium	2539
Achalinus	1
Achelia	1
Achlya	2
Achnanthes	2
Acholeplasma	315
Achromobacter	18386
Aciculosporium	1
Acidaminococcus	2438
Acidianus	8
Acidilobus	402
Acidimicrobium	15030
Acidiphilium	17433
Acidithiobacillus	7347
Acidithiomicrobium	5
Acidobacterium	61837
Acidocella	1
Acidomonas	3
Acidothermus	53947
Acidovorax	27039
Aciduliprofundum	908
Acinetobacter	7609
Acipenser	1
Acleisanthes	1
Acnephalum	1
Acorus	4
Acrasis	3
Acremonium	2
Actinidia	3
Actinoallomurus	6
Actinobacillus	2352
Actinobaculum	1
Actinocorallia	8
Actinokineospora	1
Actinomadura	542
Actinomyces	10457
Actinoplanes	1189
Actinopolyspora	1
Actinosynnema	55019
Actinotalea	2
Acyrthosiphon	230
Adiantum	17
Adineta	57
Adonis	1
Advenella	5
Aedes	749
Aegiceras	1
Aegilops	9
Aeribacillus	7
Aerococcus	352
Aeromicrobium	7479
Aeromonas	4761
Aeropyrum	1428
Aethionema	3
Afifella	10
Afipia	12007
Afronothrus	1
Afrothismia	2
Agapostemon	1
Agaricostilbum	1
Agaricus	21
Agarivorans	3
Agathis	3
Agave	1
Aggregatibacter	727
Agkistrodon	1
Agreia	1
Agrobacterium	26934
Agrococcus	1
Agrocybe	3
Agromyces	21
Agropyron	1
Agrostis	9
Agrotis	5
Agrypnus	2
Ahrensia	2010
Aigialus	1
Ailuropoda	251
Ajellomyces	1621
Akkermansia	14467
Albidiferax	12327
Alcaligenes	134
Alcanivorax	4000
Alectoris	1
Aleurochiton	2
Alexandrium	5
Algoriphagus	6399
Alicycliphilus	4848
Alicyclobacillus	10261
Aliivibrio	1107
Alistipes	2321
Alkalilimnicola	9850
Alkalimonas	3
Alkaliphilus	7597
Alkalispirillum	1
Alligator	1
Allium	1
Allochromatium	4402
Alloecella	1
Allomyces	8
Alnus	13
Alocasia	1
Aloe	2
Alphabaculovirus	7
Alphalipothrixvirus	1
Alsophila	1
Alternanthera	1
Alternaria	22
Alteromonas	2453
Alvinella	1
Amandinea	3
Amanita	1
Amaranthus	5
Amblyomma	3
Amborella	6
Ambrosiozyma	1
Ambystoma	2
Amia	1
Aminobacter	17
Aminobacterium	1809
Aminomonas	1868
Ammonifex	6911
Ammopiptanthus	1
Amomum	1
Ampelomyces	1
Amphibacillus	2
Amphidinium	5
Amphimedon	3
Amphiprion	1
Amphizoa	1
Ampullaria	2
Ampullavirus	1
Amycolatopsis	81210
Amylomyces	1
Anabaena	29977
Anaerobaculum	2836
Anaerobranca	4
Anaerococcus	1059
Anaerofustis	445
Anaerolinea	14966
Anaeromyxobacter	95275
Anaeroplasma	1
Anaerostipes	542
Anaerotruncus	1315
Anagrus	1
Ananas	2
Anaplasma	826
Anas	8
Ancylobacter	9
Ancylostoma	1
Anderseniella	2
Andrias	1
Andrographis	1
Anemia	1
Anethum	2
Aneurinibacillus	38
Angiopteris	17
Angiostrongylus	2
Anguilla	3
Anisopteromalus	1
Annona	1
Anomochloa	5
Anopheles	1091
Anoplocephala	1
Anoplopoma	10
Anoxybacillus	3227
Anser	2
Antheraea	1
Anthoceros	14
Anthocidaris	3
Anthocleista	1
Anthopleura	6
Anthracobia	1
Anthriscus	2
Antipaluria	1
Antirrhinum	9
Antonospora	3
Antrodiaetus	1
Apha	1
Aphanizomenon	61
Aphanothece	5
Aphrocallistes	2
Apis	354
Apium	2
Aplanochytrium	1
Aplocheilus	1
Aplysia	5
Aplysina	1
Aposthonia	1
Aptenodytes	1
Apteryx	4
Apus	1
Aquabacterium	13
Aquamicrobium	2
Aquifex	6702
Aquincola	2
Arabidopsis	4635
Arabis	2
Arachis	7
Arachniotus	1
Araneus	1
Arcanobacterium	1065
Arcella	1
Archaeoglobus	3485
Arcobacter	1611
Arenibacter	1
Arenicola	2
Argiope	2
Argopecten	2
Aristida	2
Aristolochia	3
Armadillidium	1
Armillaria	2
Armillifer	1
Arnebia	1
Aromatoleum	16022
Arripis	1
Arsenophonus	119
Artemia	1
Arthrinium	1
Arthrobacter	55451
Arthrobotrys	3
Arthroderma	637
Arthrospira	6782
Articulospora	1
Arundinaria	1
Asaia	4
Asarum	1
Ascaris	5
Ascidia	2
Ascobolus	3
Ascochyta	1
Ascophyllum	4
Ascosphaera	2
Asfivirus	16
Asparagus	3
Aspergillus	9590
Aspidelaps	1
Asteromassaria	1
Asticcacaulis	4977
Astrangia	1
Astrebla	1
Astrothelium	1
Astyanax	1
Athalia	4
Atopobium	2022
Atrina	3
Atriplex	4
Atropa	3
Attacus	1
Aurantimonas	8620
Aurelia	5
Aureobasidium	4
Aureococcus	749
Avena	3
Avibacterium	4
Avicennia	1
Avipoxvirus	1
Axinella	1
Azoarcus	12790
Azohydromonas	11
Azomonas	2
Azorhizobium	24374
Azospirillum	18989
Azotobacter	4755
Babesia	41
Bacillus	80195
Bacteriovorax	2113
Bacteroides	27325
Bactrocera	3
Badnavirus	1
Balanus	1
Bambusa	23
Bankia	1
Barbarea	2
Barssia	1
Bartonella	3084
Bartramia	1
Basfia	572
Basidiobolus	4
Bathymodiolus	1
Bathyteuthis	1
Batis	1
Batrachochytrium	1
Bdellovibrio	8416
Beccariophoenix	1
Beggiatoa	5210
Beijerinckia	8614
Bembidion	1
Bemisia	1
Benedenia	1
Berberidopsis	2
Berberis	3
Bergeyella	5
Bermanella	734
Beroe	1
Bertkauia	1
Beta	17
Betabaculovirus	10
Betula	4
Beutenbergia	20217
Bibersteinia	6
Bifidobacterium	6874
Bigelowiella	7
Bilobella	1
Bilophila	1177
Biomphalaria	8
Bionectria	2
Biston	1
Blaps	1
Blastobacter	3
Blastobotrys	3
Blastochloris	94
Blastocladiella	4
Blastocystis	4
Blastodinium	1
Blastopirellula	36347
Blattabacterium	377
Blattella	2
Blautia	2140
Blennosperma	1
Blepharoneura	1
Blumeria	4
Bodo	4
Bodomorpha	1
Boechera	1
Boeremia	3
Boletus	4
Boltenia	1
Bombus	1
Bombyx	37
Boothiomyces	6
Boquila	1
Bordetella	31011
Borrelia	1034
Bos	928
Bosea	34
Bothrops	1
Botrydiopsis	1
Botryococcus	4
Botryosphaeria	2
Botryotinia	1456
Bougainvillea	2
Boulengerula	5
Bouteloua	22
Bouvardia	2
Bpp-1-like viruses	30
Brachionus	12
Brachybacterium	5850
Brachycentrus	1
Brachymonas	46
Brachypodium	24
Brachyspira	1801
Bradyrhizobium	240847
Branchiostoma	1459
Brasenia	1
Brassica	66
Brenneria	4
Brevibacillus	9039
Brevibacterium	7491
Brevundimonas	8387
Briareum	1
Brissopsis	1
Brochothrix	1
Bromus	2
Brucella	10076
Brugia	250
Brunia	1
Bryopsis	6
Bubalus	1
Buchloe	1
Buchnera	485
Bulleidia	172
Burkholderia	149819
Bursaphelenchus	7
Butyrivibrio	1034
Buxus	2
Byssochlamys	1
Cadophora	4
Caecitellus	1
Caenorhabditis	1944
Cafeteria	2
Calanthe	1
Caldanaerobacter	10495
Caldanaerobius	5
Caldibacillus	16
Caldicellulosiruptor	9871
Caldimonas	1
Calditerrivibrio	2359
Caldivirga	599
Caldococcus	2
Caliciopsis	1
Caligus	39
Calliactis	1
Callicebus	2
Callinectes	5
Callisia	1
Callithamnion	1
Callithrix	78
Callitriche	1
Callosobruchus	2
Callyspongia	1
Caloramator	1
Caloscypha	1
Calothrix	76
Calycanthus	3
Cambarincola	1
Camellia	9
Caminibacter	336
Campanulotes	1
Camponotus	152
Camptotheca	4
Campylenchia	1
Campylobacter	3288
Canavalia	5
Candida	319
Candidatus Accumulibacter	8671
Candidatus Amoebophilus	1286
Candidatus Azobacteroides	329
Candidatus Blochmannia	173
Candidatus Caldiarchaeum	119
Candidatus Carsonella	2
Candidatus Chloracidobacterium	38
Candidatus Cloacamonas	906
Candidatus Desulforudis	7162
Candidatus Endobugula	12
Candidatus Fritschea	17
Candidatus Hamiltonella	183
Candidatus Hodgkinia	6
Candidatus Ishikawaella	1
Candidatus Korarchaeum	1007
Candidatus Koribacter	103976
Candidatus Kuenenia	6873
Candidatus Liberibacter	177
Candidatus Magnetobacterium	27
Candidatus Micrarchaeum	198
Candidatus Midichloria	1
Candidatus Nitrosocaldus	2
Candidatus Odyssella	88
Candidatus Parvarchaeum	130
Candidatus Pelagibacter	2370
Candidatus Phlomobacter	1
Candidatus Phytoplasma	201
Candidatus Portiera	4
Candidatus Protochlamydia	3312
Candidatus Puniceispirillum	2425
Candidatus Regiella	154
Candidatus Riesia	18
Candidatus Solibacter	215181
Candidatus Sulcia	97
Candidatus Tremblaya	6
Candidatus Zinderia	2
Canis	228
Canna	3
Canthophrys	1
Capnocytophaga	2225
Capra	9
Capronia	1
Capsaspora	595
Capsella	2
Capsicum	18
Caragana	1
Carassius	8
Carbophilus	1
Carboxydothermus	11971
Carcinoscorpius	2
Cardiobacterium	856
Caretta	1
Carex	4
Carica	2
Carnobacterium	357
Carpediemonas	2
Carteria	1
Carukia	1
Castellaniella	13
Catenibacterium	458
Catenulispora	59335
Catenuloplanes	3
Catharanthus	3
Catolechia	2
Catonella	306
Caulerpa	4
Caulimovirus	1
Caulobacter	46468
Cavia	37
Cellulomonas	15199
Cellulophaga	1690
Cellulosilyticum	793
Cellulosimicrobium	17
Cellvibrio	5379
Celosia	85
Cenarchaeum	2472
Cenchrus	2
Centropodia	8
Cepaea	1
Cephaloscyllium	1
Cephalotaxus	1
Cephonodes	1
Ceramium	1
Ceramothyrium	1
Ceratitis	2
Ceratocymba	1
Ceratocystis	6
Ceratophyllum	2
Ceratozetes	1
Cercomonas	2
Cercophora	1
Cercospora	5
Ceriantheopsis	1
Cervus	2
Chaenocephalus	2
Chaetomium	91
Chaetopeltis	2
Chaetosphaeridium	37
Chamaecyparis	9
Chamaesiphon	8
Chara	29
Characiochloris	2
Charadra	1
Chasmanthium	8
Chattonella	1
Chauliognathus	1
Cheilanthes	6
Chelativorans	19417
Chelidonium	2
Childia	2
Chimaera	1
Chionodraco	1
Chironomus	4
Chitinophaga	44536
Chlamydia	1782
Chlamydiamicrovirus	1
Chlamydomonas	972
Chlamydophila	980
Chlamys	3
Chloeia	1
Chloranthus	4
Chlorarachnion	2
Chlorella	1025
Chloriridovirus	1
Chlorobaculum	8797
Chlorobium	19806
Chlorococcum	3
Chloroflexus	38323
Chlorogloeopsis	9
Chlorogonium	1
Chloroherpeton	7231
Chlorokybus	19
Chlorovirus	48
Chondromyces	18
Chondrosia	4
Chondrus	28
Choricystis	1
Chorispora	1
Choristoneura	2
Chromatium	1
Chromobacterium	8200
Chromohalobacter	5143
Chroococcidiopsis	2
Chroococcus	3
Chryseobacterium	3276
Chrysiptera	1
Chrysochromulina	1
Chrysodidymus	1
Chrysolepidomonas	1
Chrysomela	3
Chrysosplenium	2
Chrysosporium	1
Chthoniobacter	130382
Chymomyza	2
Cicer	4
Cinnamomum	1
Ciona	1347
Cistus	1
Citreicella	2225
Citrobacter	2703
Citromicrobium	3949
Citrullus	1
Citrus	11
Cladhymenia	1
Cladium	1
Cladonia	1
Cladophialophora	1
Cladophora	2
Cladosporium	2
Claroideoglomus	1
Clavariopsis	1
Clavibacter	15978
Claviceps	3
Clavispora	116
Cleome	4
Cliona	2
Clitopilus	1
Clitoria	1
Clonorchis	4
Closterium	1
Closterovirus	1
Clostridium	46285
Coboldia	1
Coccidioides	1545
Coccolithovirus	3
Coccomyxa	9
Cochliobolus	41
Codakia	2
Codiaeum	1
Codium	2
Codonopsis	4
Coelospermum	1
Coffea	8
Cohaesibacter	2
Cohnella	18
Coix	17
Coleochaete	1
Colias	2
Colletotrichum	6
Collimonas	145
Collinsella	2128
Columba	2
Colwellia	3535
Colysis	1
Comamonas	6186
Condylostoma	1
Conexibacter	214726
Congregibacter	6308
Conicera	2
Conidiobolus	83
Coniochaeta	4
Coniosporium	1
Coniothyrium	3
Conocephalum	1
Consolida	1
Coprinopsis	586
Coprobacillus	381
Coprococcus	1071
Coprothermobacter	1809
Coptis	1
Coptotermes	22
Coraliomargarita	7681
Corallina	27
Corallochytrium	1
Corallococcus	34
Corbicula	1
Corchorus	2
Cordyceps	23
Coriandrum	1
Cornus	3
Cortaderia	1
Corymorpha	1
Corynebacterium	28483
Corynespora	2
Corynocarpus	1
Coryphopterus	1
Cosmocladium	1
Cotesia	3
Coturnix	4
Couchioplanes	1
Coxiella	3798
Craniscus	1
Crassostrea	3
Craterostigma	15
Cricetulus	2
Crithidia	3
Crithopsis	1
Croceibacter	2240
Crocodylus	1
Crocosphaera	3444
Crocus	3
Cronobacter	1965
Crotalus	8
Crucihimalaya	2
Crustomastix	2
Cryobacterium	1
Cryphonectria	15
Cryptobacterium	1384
Cryptococcus	2
Cryptomeria	5
Cryptomonas	8
Cryptosporidium	116
Ctenocephalides	3
Ctenolepisma	1
Ctenopharyngodon	1
Cucumis	38
Cucurbita	16
Culex	290
Culicoides	2
Cunina	1
Cunninghamella	8
Cuphea	8
Cupiennius	1
Cupriavidus	53012
Curtobacterium	10
Curvibacter	2
Curvularia	17
Cuscuta	1
Cyamopsis	3
Cyanidioschyzon	664
Cyanidium	28
Cyanobacterium	21
Cyanobium	1517
Cyanophora	93
Cyanoptyche	1
Cyanothece	25449
Cyathea	1
Cyathostomum	1
Cycas	7
Cycloclasticus	5
Cyclorana	1
Cyclotorna	1
Cylindrocystis	1
Cylindrospermopsis	1473
Cylindrospermum	1
Cylindrotheca	4
Cymbopetalum	1
Cynara	1
Cynocephalus	1
Cynodon	1
Cynoglossus	3
Cynops	1
Cynopterus	1
Cyperus	2
Cyphellophora	4
Cyprinivirus	1
Cyprinus	4
Cystobacter	230
Cytophaga	15427
Dactylellina	1
Dactyloctenium	1
Dactylosporangium	16
Daktulosphaira	1
Dalbulus	1
Dalechampia	2
Dampiera	1
Danaus	1
Danio	1257
Daphnia	8
Dasyprocta	2
Dasypus	1
Dasypyrum	2
Datura	2
Daucus	25
Davidiella	1
Debaryomyces	175
Dechloromonas	10027
Deferribacter	3292
Dehalobacter	1
Dehalococcoides	8954
Dehalogenimonas	4096
Deinococcus	33674
Dekkera	1
Delftia	8676
Delitschia	1
Demansia	1
Demequina	1
Dendritobilharzia	1
Dendrobium	2
Dendrocalamus	7
Dendroctonus	3
Dendropoma	1
Dendryphiella	2
Denitrovibrio	2359
Dermacentor	2
Dermacoccus	3717
Dermatocarpon	1
Dermatophilus	4
Derxomyces	1
Desmarestia	1
Desmazierella	1
Desulfarculus	6433
Desulfatibacillum	9407
Desulfitobacterium	10825
Desulfobacterium	5014
Desulfobulbus	4307
Desulfococcus	7562
Desulfofaba	1
Desulfohalobium	4065
Desulfomicrobium	5903
Desulfomonile	20
Desulfonatronospira	2351
Desulfonatronovibrio	1
Desulfonatronum	1
Desulfonispora	1
Desulfotalea	4942
Desulfothermus	1
Desulfotignum	45
Desulfotomaculum	18309
Desulfovibrio	43390
Desulfovirga	1
Desulfurispirillum	2761
Desulfurivibrio	5431
Desulfurococcus	462
Desulfuromonas	5499
Desulfuromusa	4
Dethiobacter	4022
Dethiosulfovibrio	2614
Detonula	1
Diabolocatantops	1
Diabrotica	1
Dialister	997
Dianthus	13
Diaphorina	2
Diaphorobacter	11
Dichelobacter	762
Dickeya	3759
Dictyocaulus	1
Dictyoglomus	6181
Dictyostelium	2389
Dictyota	3
Didelphis	2
Didinium	2
Didymeles	1
Didymella	1
Didymium	1
Dietzia	3128
Digitalis	4
Dileptus	1
Dilkea	1
Dillenia	3
Dinoroseobacter	4597
Dinothrombium	2
Diogmites	1
Dioscorea	7
Diplonema	1
Diplorickettsia	1
Diplosphaera	11
Dipodascus	1
Dirofilaria	2
Dissoconium	4
Distomus	1
Ditylenchus	2
Dokdonia	2316
Dolichomastix	2
Dolichospermum	72
Doohwaniella	1
Dorea	647
Doryteuthis	1
Draba	3
Draparnaldia	1
Drechslera	1
Dreissena	2
Drimia	1
Drimys	2
Drosophila	1984
Dryopteris	1
Drypetes	1
Duganella	1
Dugesia	1
Dunaliella	19
Durinskia	16
Dyadobacter	22068
Dyella	6
Dysidea	1
Ebria	1
Ecdeiocolea	1
Echinochloa	2
Echinococcus	3
Echis	1
Ectocarpus	665
Ectothiorhodospira	5
Edwardsiella	1799
Edwardsina	1
Eggerthella	2490
Ehretia	2
Ehrlichia	543
Eikenella	467
Eimeria	6
Elaeis	8
Elaphocordyceps	1
Elasis	2
Eleocharis	8
Elephantulus	2
Elimaea	1
Elizabethkingia	45
Ellisochloa	1
Elsinoe	3
Elusimicrobium	1401
Elymus	1
Elysia	1
Emericella	1292
Emiliania	22
Empedobacter	1
Encephalitozoon	114
Enchytraeus	8
Encope	1
Endogone	2
Endoriftia	1059
Endromis	1
Enhydrobacter	416
Enhygromyxa	3
Ensifer	85
Entamoeba	171
Enterobacter	3704
Enterococcus	3492
Enteroctopus	2
Enterocytozoon	15
Enterographa	1
Enterovibrio	1
Enterovirus	1
Entodinium	2
Entomophthora	1
Entomoplasma	1
Eohypochthonius	1
Ephemerella	1
Ephydatia	3
Epichloe	6
Epidermophyton	6
Epimartyria	1
Epinephelus	2
Epsilon15-like viruses	4
Epsilonretrovirus	1
Eptatretus	3
Epulopiscium	307
Equisetum	9
Equus	166
Erebomaster	1
Erechtia	1
Eremobates	1
Eremococcus	184
Eremothecium	323
Erinaceus	1
Eriocheir	1
Erodium	2
Erwinia	2528
Erysimum	1
Erysipelothrix	218
Erythrobacter	22145
Erythromicrobium	1
Escherichia	6560
Esox	10
Ethanoligenens	1499
Eubacterium	5151
Eucalantica	1
Eucalyptus	9
Eucheuma	1
Eucommia	1
Eufolliculina	5
Euglena	23
Euglypha	1
Eulemur	1
Eumesocampa	1
Euonymus	1
Euphorbia	1
Euplotes	1
Eupronoe	1
Eupterote	1
Eurotium	8
Eurygaster	2
Eurypauropus	1
Eurytemora	1
Eutreptiella	1
Exidia	1
Exiguobacterium	3570
Exobasidium	1
Exopalaemon	1
Exophiala	21
Faecalibacterium	1255
Fagopyrum	4
Fahrenholzia	1
Falklandiella	1
Farlowiella	1
Fasciola	6
Felis	9
Fenneropenaeus	10
Ferrimonas	1662
Ferroglobus	875
Ferroplasma	332
Fervidobacterium	2240
Festuca	5
Fibrobacter	1811
Filaria	1
Filifactor	349
Filobasidiella	1030
Finegoldia	631
Fischerella	172
Fissurina	1
Flammeovirga	27
Flammulina	1
Flaveria	45
Flavobacterium	17126
Flexibacter	5
Flexistipes	4
Flexithrix	1
Florenciella	1
Floydiella	4
Fluoribacter	43
Fonsecaea	1
Forficula	1
Forskalia	1
Forsythia	1
Fragaria	6
Francisella	1846
Frankenia	1
Frankia	286787
Frigoribacterium	2
Fritillaria	2
Fructobacillus	1
Fucus	5
Fulvimarina	2902
Fundulus	1
Funneliformis	10
Fusarium	40
Fusobacterium	3411
Gadus	2
Gaeumannomyces	3
Galanthus	1
Galathealinum	1
Galax	1
Galbulimima	3
Galdieria	13
Galeomma	1
Galium	1
Gallibacterium	1
Gallionella	3087
Gallus	1199
Gardnerella	622
Gasterosteus	905
Gastrophysa	1
Geitlerinema	1
Gekko	1
Gelatinella	1
Gemella	272
Geminocystis	35
Gemmata	55005
Gemmatimonas	82970
Gentiana	1
Geoalkalibacter	3
Geobacillus	25519
Geobacter	97405
Geodermatophilus	63925
Geomyces	1
Geomys	1
Geothermobacter	1
Geranium	1
Gersemia	1
Giardia	137
Gibberella	167
Gigaspora	5
Ginkgo	10
Giraffa	1
Giuris	2
Glaciecola	357
Glaciibacter	3
Glaeseria	1
Glarea	2
Glaucocystis	2
Globba	1
Globodera	2
Gloeobacter	33947
Gloeocapsopsis	2
Gloeochaete	1
Gloeothece	9
Glomerella	982
Glomeris	1
Glomus	6
Glossina	49
Glottidia	2
Gluconacetobacter	10196
Gluconobacter	4716
Glugea	1
Gluphisia	1
Glycine	141
Glyptapanteles	3
Gobiomorphus	1
Gomesa	1
Gonatozygon	1
Gonium	1
Gonystylus	3
Gordonia	11472
Gordonibacter	747
Gorilla	5
Gossypium	22
Gracilaria	34
Gracilariophila	4
Gracilariopsis	3
Gramella	7032
Granulibacter	10109
Granulicatella	465
Granulicella	23883
Gremmeniella	1
Griffithsia	11
Grifola	1
Grillotia	2
Grosmannia	477
Gryllus	1
Guaiacum	1
Guillardia	63
Guizotia	2
Gunnera	2
Gymnochlora	1
Gymnostellatospora	1
Haberlea	1
Haemaphysalis	1
Haematobia	2
Haemonchus	2
Haemophilus	3280
Hafnia	4
Hahella	9707
Haladaptatus	1596
Halalkalicoccus	1639
Halanaerobium	2755
Haliangium	45025
Haliclona	1
Halidrys	1
Haliotis	10
Haloarcula	2544
Halobacillus	26
Halobacterium	1845
Halocynthia	3
Haloferax	1634
Halogeometricum	2022
Halomicrobium	1209
Halomonas	2743
Haloquadratum	1548
Halorhabdus	1197
Halorhodospira	5682
Halorubrum	1107
Haloterrigena	2411
Halothermothrix	5095
Halothiobacillus	2252
Halovivax	1
Hapalosiphon	3
Harpanthus	1
Harpegnathos	220
Hartmannella	129
Haslea	1
Hedriocystis	2
Hedwigia	1
Helcion	1
Helianthus	17
Helicascus	2
Helicobacter	2916
Heliconius	1
Helicosporidium	3
Helicotheca	1
Helicoverpa	2
Heliobacillus	574
Heliobacterium	8216
Heliocidaris	2
Heliophilum	17
Heliothis	8
Hemicentrotus	1
Hemiselmis	9
Hemityphis	2
Henlea	1
Hepialus	1
Herbaspirillum	6345
Herminiimonas	6735
Herpetosiphon	23968
Heteranthera	1
Heterocapsa	22
Heterodera	7
Heterometrus	1
Heteromita	3
Heteropneustes	1
Heterosigma	20
Heterothrips	1
Heuchera	2
Hevea	5
Hilarigona	1
Himanthalia	2
Hippoglossus	1
Hippospongia	1
Hirschia	2194
Hirsutella	1
Hirudo	1
Histophilus	407
Hockeria	1
Hoeflea	4132
Holboellia	1
Holcus	1
Holdemania	1010
Holospora	1
Holosticha	1
Homo	864
Hordeum	92
Hormopeza	1
Hortaea	2
Houttuynia	1
Humata	1
Humicola	1
Huperzia	1
Hyacinthus	2
Hyaloraphidium	3
Hyaloscypha	6
Hydra	560
Hydrangea	1
Hydrilla	1
Hydrodictyon	1
Hydrogenivirga	2297
Hydrogenobacter	1804
Hydrogenobaculum	1102
Hydrogenophaga	182
Hydrogenophilus	16
Hydrogenovibrio	1
Hylobates	2
Hylomys	1
Hymenobacter	10
Hymenochirus	1
Hyperamoeba	4
Hyperthermus	890
Hyphomicrobium	8512
Hyphomonas	8189
Hypnea	1
Hypochthonius	1
Hypocrea	32
Hypothenemus	1
Hypselosoma	3
Hypsibius	2
Hysteropatella	1
I3-like viruses	61
Ichnanthus	1
Ichnovirus	1
Ichthyobodo	1
Ictalurus	51
Ictidomys	2
Ideonella	9
Idiomarina	3798
Igernella	1
Ignatzschineria	1
Ignicoccus	522
Ignisphaera	349
Iguana	3
Ilyanassa	1
Ilyobacter	1027
Imperata	1
Imtechium	1
Inocybe	1
Inovirus	3
Intrasporangium	17520
Ipomoea	20
Ips	1
Iridovirus	1
Isachne	1
Isaria	4
Isatis	2
Isochrysis	7
Isoetes	7
Isopora	1
Isoptericola	7
Isosphaera	28221
Issatchenkia	1
Ixodes	560
Jacquemontia	2
Janibacter	17
Jannaschia	4557
Janthinobacterium	8867
Jasminum	2
Jatropha	3
Jonesia	3840
Jonquetella	999
Juncus	5
Jungermannia	1
Juniperus	1
Kalanchoe	1
Kallichroma	1
Kalmusia	1
Kangiella	2667
Karenia	47
Karlodinium	28
Katsuwonus	2
Kazachstania	3
Kengyilia	1
Ketogulonicigenium	2727
Kibdelosporangium	166
Kineococcus	32593
Kingella	452
Kitasatospora	13073
Kladothrips	1
Klebsiella	4190
Klebsormidium	11
Kluyvera	6
Kluyveromyces	274
Kocuria	3650
Komagataella	104
Kordia	1902
Kosmotoga	1955
Kribbella	80009
Kryptoperidinium	18
Ktedonobacter	57275
Kukulcania	1
Kurthia	15
Kutzneria	75
Kyrpidia	9806
Kytococcus	7160
L5-like viruses	7
LUZ24-like viruses	1
Labrenzia	10167
Laccaria	463
Laceyella	4
Lachancea	72
Lachnum	1
Lacrymaria	1
Lactobacillus	10842
Lactococcus	1395
Lactuca	5
Lagenidium	2
Lama	4
Lambda-like viruses	54
Laminaria	8
Lamprocystis	2
Lamprothamnium	1
Laqueus	1
Laribacter	2995
Larix	5
Larrea	1
Lathyrus	3
Latimeria	1
Latrodectus	6
Laurus	8
Lautropia	1389
Lawsonia	1470
Leadbetterella	4553
Lecanicillium	1
Lechevalieria	22
Leeuwenhoekiella	4258
Legionella	9451
Leifsonia	8278
Leiolepis	1
Leiomitra	1
Leishmania	524
Lemna	4
Lemur	1
Lens	3
Lentinula	2
Lentisphaera	2967
Lentithecium	1
Lentivirus	2
Lentzea	8
Leohumicola	2
Leotia	1
Lepas	1
Lepeophtheirus	40
Lepidium	5
Lepidogyna	2
Lepocinclis	1
Leporipoxvirus	1
Leptobryum	2
Leptographium	2
Leptolyngbya	81
Leptorhynchoides	1
Leptosira	2
Leptosphaeria	866
Leptospira	10780
Leptospirillum	3585
Leptothrix	10209
Leptotrichia	1289
Leucaena	1
Leucilla	2
Leucocoprinus	1
Leuconostoc	1024
Leucoptera	1
Leucosolenia	2
Leymus	1
Libinia	1
Lilium	3
Limax	1
Limnanthes	3
Limnobacter	2512
Lineolata	1
Lineus	1
Linum	3
Liodrosophila	1
Lipomyces	1
Liporrhopalum	1
Liquidambar	2
Listeria	5306
Listonella	18
Lithobius	1
Lithospermum	3
Litomosa	1
Litopenaeus	1
Loa	161
Lobochlamys	1
Lobularia	4
Locusta	2
Lodderomyces	97
Loktanella	1590
Loligo	1
Loliolus	1
Lolium	8
Lonepinella	1
Longidorus	7
Lonicera	1
Lonomia	1
Lotharella	1
Lotus	12
Loxodonta	5
Lubomirskia	1
Lucilia	1
Luciola	6
Lumbricus	1
Lunularia	1
Lupinus	14
Lutiella	5443
Lutjanus	1
Lychnis	1
Lygeum	1
Lygodium	1
Lymantria	1
Lymnaea	7
Lymphocryptovirus	2
Lyngbya	5365
Lysinibacillus	2334
Lysiphlebus	3
Lysobacter	143
Lytechinus	3
Macaca	368
Macavirus	4
Mackinlaya	2
Maclura	1
Maconellicoccus	8
Macrobiotus	1
Macrobrachium	1
Macrococcus	495
Macropophila	1
Macropus	24
Macrorhamphosodes	1
Macroscelides	1
Magnaporthe	1569
Magnetococcus	8690
Magnetospirillum	34475
Magnolia	2
Malassezia	216
Malawimonas	1
Malesherbia	1
Mallomonas	4
Malonomonas	2
Malus	3
Manduca	6
Mangifera	4
Manihot	1
Manilkara	1
Mannheimia	313
Mantoniella	1
Marathrum	2
Marchantia	41
Marginopora	1
Maribacter	5112
Maricaulis	7210
Marichromatium	3
Marinitoga	1796
Marinobacter	12408
Marinococcus	2
Marinomonas	5126
Marinosulfonomonas	11
Mariprofundus	2757
Maritimibacter	4189
Marivirga	4317
Marphysa	3
Marsupenaeus	1
Martelella	4
Maryna	1
Massarina	1
Massilia	1
Mastadenovirus	1
Mastigamoeba	9
Mastigocladus	15
Mastotermes	1
Mayetiola	1
Mechercharimyces	1
Medicago	96
Megaleranthis	4
Megalithone	1
Megalocytivirus	1
Megamonas	494
Meganola	1
Megasphaera	1189
Megathyrsus	1
Meghyperus	1
Meiothermus	21382
Melampsora	1
Melampyrum	1
Melanochaeta	5
Meleagris	2
Melinaea	1
Melinis	1
Melissococcus	2
Melittangium	1
Meloidogyne	5
Menosoma	1
Mentha	1
Mesembryanthemum	3
Mesenchytraeus	2
Mesocestoides	2
Mesocricetus	6
Mesoplasma	145
Mesorhizobium	81343
Mesostigma	23
Metacarcinus	1
Metacordyceps	8
Metajapyx	2
Metallosphaera	774
Metarhizium	1291
Methanobacterium	6
Methanobrevibacter	623
Methanocaldococcus	2865
Methanocella	1932
Methanococcoides	1613
Methanococcus	1871
Methanocorpusculum	561
Methanoculleus	3066
Methanohalobium	652
Methanohalophilus	869
Methanolobus	2
Methanoplanus	605
Methanopyrus	1405
Methanoregula	2556
Methanosaeta	2571
Methanosarcina	11651
Methanosphaera	661
Methanosphaerula	1999
Methanospirillum	2026
Methanothermobacter	3370
Methanothermococcus	154
Methanothermus	323
Methylacidiphilum	20185
Methylibium	12389
Methylobacillus	6344
Methylobacter	7301
Methylobacterium	100150
Methylocaldum	4
Methylocapsa	3
Methylocella	13765
Methylococcus	12293
Methylocystis	5907
Methyloferula	2
Methylomicrobium	6
Methylomonas	37
Methylophaga	1224
Methylophilus	7
Methylosinus	8772
Methylosulfonomonas	28
Methylotenera	3976
Methyloversatilis	37
Methylovorus	2849
Methylovulum	1
Metridium	11
Metroxylon	1
Meyerozyma	183
Micavibrio	10
Microascus	1
Microbacterium	245
Microbispora	110
Microbulbifer	10
Microchaete	184
Microciona	1
Micrococcus	4331
Microcoleus	9231
Microcystis	8395
Microlaena	1
Microlunatus	2
Micromonas	1012
Micromonospora	111144
Microscilla	6362
Microstomum	1
Microtetraspora	6
Microthyrium	1
Microtus	4
Mimivirus	36
Mimulus	2
Miniopterus	1
Mirocaris	1
Mirounga	1
Miscanthus	1
Mischococcus	1
Misgurnus	2
Mitsuokella	1560
Mixia	1
Mizuhopecten	2
Mobiluncus	2434
Modiolus	2
Momordica	1
Monacrosporium	1
Monascus	7
Moneuplotes	5
Moniliophthora	265
Monoblepharella	1
Monocercomonoides	9
Monodelphis	811
Monomastix	3
Monopterus	1
Monosiga	738
Monsonia	2
Montinia	1
Moorella	16433
Moraxella	411
Morchella	1
Morganella	13
Moritella	912
Mortierella	6
Morus	6
Mu-like viruses	5
Mucilaginibacter	10124
Mucor	22
Murina	1
Mus	1655
Musa	22
Mycetocola	1
Mychonastes	2
Mycobacterium	265559
Mycoplana	6
Mycoplasma	1394
Mycosphaerella	5
Myotis	8
Myoxocephalus	1
Myriophyllum	1
Myroides	8
Myrothecium	4
Mytilina	1
Mytilus	14
Myxine	2
Myxococcus	72712
Myzostoma	1
N15-like viruses	1
N4-like viruses	12
Naegleria	808
Nais	1
Naja	3
Nakamurella	42095
Nakaseomyces	241
Nandina	3
Nannochloris	3
Nannochloropsis	8
Nannocystis	8
Nanoarchaeum	49
Nanomia	1
Napeogenes	1
Nardus	2
Nasonia	280
Nassella	1
Nasturtium	2
Natranaerobius	3009
Natrialba	1332
Natrinema	2
Natronomonas	2082
Naumovozyma	1
Nautilia	592
Nebalia	3
Nectria	1325
Neisseria	4359
Nelumbo	2
Nemalionopsis	1
Nematostella	1520
Neoasaia	1
Neobodo	4
Neocallimastix	11
Neoceratium	1
Neochlamisus	1
Neochlamydia	1
Neogonodactylus	2
Neolecta	1
Neoparamoeba	4
Neopseustis	1
Neorickettsia	361
Neosartorya	837
Neoseiulus	1
Neosinocalamus	1
Neospora	3
Neottiosporina	1
Nephila	7
Nephroselmis	32
Neptuniibacter	1238
Nerada	1
Nerium	2
Nesterenkonia	2
Neurospora	1483
Neviusia	3
Nicotiana	214
Nilaparvata	1
Nitratifractor	692
Nitratiruptor	1524
Nitrobacter	63740
Nitrococcus	8901
Nitrosococcus	30280
Nitrosomonas	13532
Nitrosopumilus	5930
Nitrososphaera	955
Nitrosospira	16130
Nitrosovibrio	13
Nitrospira	30460
Nitzschia	1
Nocardia	39262
Nocardioides	71068
Nocardiopsis	27594
Noctiluca	1
Nodularia	4286
Nodulisporium	1
Nonionella	1
Nonomuraea	531
Nosema	17
Nostoc	39544
Notomys	1
Novobisium	1
Novosphingobium	22766
Nucula	1
Nuphar	2
Nyctotherus	11
Nymphaea	4
Nymphoides	2
Nymphon	1
Oceanibulbus	1538
Oceanicaulis	3449
Oceanicola	6940
Oceanithermus	4777
Oceanobacillus	3961
Ochrobactrum	9805
Ochromonas	5
Ochrosphaera	1
Ocimum	2
Octadecabacter	3889
Octopus	1
Odocoileus	1
Odontella	56
Oedogonium	4
Oedosmylus	1
Oenococcus	624
Oenothera	6
Ogataea	100
Oikopleura	318
Okibacterium	1
Olea	3
Oleispira	1
Oleomonas	3
Oligotropha	16658
Olimarabidopsis	4
Olisthodiscus	2
Olpitrichum	1
Olsenella	922
Oltmannsiellopsis	4
Omphalotus	1
Onchocerca	1
Oncidium	9
Oncopeltus	1
Oncorhynchus	21
Oocystis	8
Oogamochlamys	1
Ophiocordyceps	1
Ophioglossum	5
Ophiophagus	1
Ophiosphaerella	1
Ophiostoma	2
Opilio	1
Opitutus	59611
Opsanus	1
Oratosquilla	1
Orchesella	1
Orconectes	1
Oreochromis	6
Oreogeton	1
Oribacterium	726
Orientia	343
Ornithobacterium	2
Ornithodoros	2
Ornithogalum	1
Ornithorhynchus	715
Orobanche	4
Orpinomyces	2
Orthopoxvirus	4
Orthotrichum	1
Oryctolagus	16
Oryza	6658
Oryzias	831
Oscarella	1
Oscillatoria	8115
Oscillochloris	12007
Osmerus	38
Osmundastrum	1
Ostreococcus	993
Ostrinia	1
Otolemur	10
Ovis	30
Oxalicibacterium	1
Oxalis	2
Oxalobacter	2227
Oxobacter	1
Oxychloris	1
Oxyrrhis	6
Oxythrips	1
Oxyuranus	3
P1-like viruses	10
P2-like viruses	31
P22-like viruses	48
Pachymedusa	1
Padina	1
Paecilomyces	4
Paenibacillus	27424
Paenochrobactrum	1
Pagrus	4
Palaemonetes	1
Palaeococcus	1
Palinurus	1
Palpitomonas	1
Paludibacter	2928
Pan	200
Panax	3
Pandora	1
Pandoraea	5
Panicum	6
Pantherophis	1
Pantholops	1
Pantodon	1
Pantoea	4338
Panulirus	2
Papaver	9
Papilio	1
Papio	3
Parabacteroides	7823
Parabodo	3
Paracentrotus	4
Parachlamydia	2077
Parachlorella	6
Paracoccidioides	719
Paracoccus	8011
Paraglomus	2
Parallela	2
Paramacrobiotus	1
Paramecium	433
Paramyxine	1
Parantica	1
Parascardovia	399
Parasteatoda	2
Parepichloe	1
Pariana	1
Parthenium	3
Parvibaculum	20967
Parvularcula	2726
Paspalum	1
Passalora	4
Passiflora	1
Pasteurella	1167
Pasteuria	7
Pastinaca	1
Patella	1
Paucimonas	53
Paulinella	62
Paulownia	1
Pavlova	4
Pectinatus	8
Pectobacterium	4562
Pedetontus	1
Pediastrum	1
Pediculus	251
Pedinomonas	8
Pediococcus	946
Pedobacter	26307
Pedomicrobium	4
Pedosphaera	59
Pelagibaca	2570
Pelargonium	6
Pelistega	1
Pellia	5
Pelobacter	27768
Pelodictyon	6845
Pelodiscus	1
Pelodytes	1
Pelomonas	7
Pelotomaculum	14456
Peltula	1
Penaeus	8
Penestoglossa	1
Penicillium	1878
Pennantia	1
Peptococcus	3
Peptoniphilus	1055
Peptostreptococcus	625
Peranema	2
Perilla	2
Peripatus	1
Perkinsus	259
Peromyscus	3
Persephonella	2205
Pertusaria	4
Petrobius	1
Petromyzon	1
Petroselinum	19
Petrotoga	1662
Petunia	14
Pfiesteria	5
Phaeobacter	1097
Phaeocystis	1
Phaeodactylum	675
Phaeoschizochlamys	1
Phaeosphaeria	2471
Phaeotrichum	2
Phaeovirus	3
Phaffia	1
Phalaenopsis	4
Phallusia	1
Phanerochaete	7
Phascolarctobacterium	706
Phascolarctos	1
Phaseolus	22
Phausis	1
Phenylobacterium	19244
Phi29-like viruses	4
PhiC31-like viruses	32
Phialocephala	1
Phialophora	3
Phillyrea	1
Philodendron	1
Philodina	8
Phlyctochytrium	1
Phobolosia	1
Phocoena	1
Pholiota	1
Phoma	6
Phormidium	19
Phoronis	1
Photinus	2
Photobacterium	4027
Photorhabdus	2870
Phragmites	2
Phronima	2
Phycomyces	12
Phyllobacterium	8
Phyllopertha	1
Phyllostachys	37
Physalia	2
Physalospora	1
Physarum	124
Physcia	1
Physcomitrella	1912
Physella	1
Phytomonas	1
Phytophthora	700
Phytopythium	1
Picea	254
Pichia	7
Picrophilus	574
Picrorhiza	1
Pigmentiphaga	2
Pimelobacter	105
Pimelodendron	1
Pinctada	32
Pinguiococcus	3
Pinus	32
Piper	3
Piptocephalis	1
Pirellula	39517
Piriformospora	2
Piriqueta	1
Piromyces	3
Pisaster	2
Piscirickettsia	1
Pisolithus	1
Pisum	90
Placopecten	1
Plagioselmis	3
Plagiothecium	3
Plakortis	2
Planctomyces	64754
Planktothrix	529
Planobispora	23
Planococcus	910
Planomonospora	1
Plantibacter	2
Plasmodiophora	1
Plasmodium	479
Plasmopara	2
Platanus	2
Platycladus	1
Platypeza	2
Platysace	1
Plecoglossus	1
Plectranthus	2
Plesiocystis	14749
Plesiomonas	3
Pleurocapsa	7
Pleurochrysis	3
Pleurotus	16
Pleurozia	1
Plocamiocolax	2
Plodia	2
Plumbago	3
Plutella	3
Pneumocystis	7
Poa	1
Podocoryna	2
Podosphaera	3
Podospora	1890
Poecilia	8
Poecilostachys	1
Pogonognathellus	1
Polaribacter	3323
Polaromonas	31659
Pollanisus	1
Pollicipes	1
Polyandrocarpa	2
Polymorphospora	4
Polynucleobacter	4110
Polypedilum	1
Polyphlebium	1
Polyplastron	1
Polypodiodes	1
Polypterus	1
Polysphondylium	638
Polytomella	13
Pomatoceros	2
Pongo	84
Populus	1612
Porites	1
Porphyra	45
Porphyridium	1
Porphyrobacter	2
Porphyromonas	3008
Portulaca	2
Postia	171
Potamotrygon	2
Potorous	1
Potyvirus	2
Prasinovirus	18
Prauserella	1
Prevotella	6831
Primula	2
Prismosticta	1
Procambarus	2
Prochlorococcus	6512
Prochloron	19
Prochlorothrix	2
Proctophyllodes	1
Prolixibacter	1
Promicromonospora	2
Propionibacterium	12173
Propionigenium	32
Prorocentrum	2
Prosthecobacter	137
Prosthecochloris	4620
Prosthecomicrobium	5
Protaspis	2
Proteromonas	2
Proteus	1145
Protopterus	3
Prototheca	8
Providencia	1569
Prunus	10
Psathyrostachys	2
Pseudaminobacter	4
Pseudanabaena	19
Pseudendoclonium	22
Pseudo-nitzschia	2
Pseudoalteromonas	8769
Pseudobranchus	1
Pseudobutyrivibrio	4
Pseudochlorella	1
Pseudochrobactrum	1
Pseudoclavibacter	1
Pseudocorythion	1
Pseudoflavonifractor	908
Pseudogluconobacter	15
Pseudogymnoascus	1
Pseudomicrothorax	1
Pseudomonas	78317
Pseudonocardia	265
Pseudoplusia	1
Pseudopterogorgia	1
Pseudoramibacter	406
Pseudoroegneria	2
Pseudourostyla	1
Pseudovibrio	3410
Pseudoxanthomonas	4740
Pseudozyma	4
Psilochorus	1
Psilotum	6
Psora	2
Psychrobacter	3247
Psychroflexus	1453
Psychromonas	2302
Pteromalus	1
Puccinia	157
Pueraria	1
Pullulanibacillus	2
Punica	2
Purpuricenus	1
Puya	3
Pycnococcus	8
Pycnogonum	1
Pycreus	2
Pylaiella	3
Pyramidobacter	1085
Pyramimonas	4
Pyrenacantha	1
Pyrenopeziza	1
Pyrenophora	2366
Pyrobaculum	2967
Pyrococcus	3885
Pyrocystis	1
Pyrodictium	1
Pyropia	70
Pyrus	1
Pythium	4
Racodium	1
Radopholus	1
Rahnella	748
Ralstonia	27732
Ramazzottius	1
Ramphotyphlops	1
Ramulus	1
Rana	31
Ranavirus	2
Ranunculus	3
Raoultella	5
Raphanus	5
Raphidiopsis	1160
Rarobacter	1
Rathayibacter	6
Rattus	1222
Reboulia	2
Reclinomonas	33
Reinekea	2575
Renibacterium	5248
Renilla	1
Retama	1
Retanilla	1
Reticulomyxa	1
Rhabdochromatium	1
Rhadinovirus	15
Rhamphospora	1
Rhaponticum	1
Rheum	1
Rhexocercosporidium	1
Rhinolophus	7
Rhipicephalus	1
Rhizanthella	1
Rhizobium	77843
Rhizomucor	1
Rhizophagus	55
Rhizophlyctis	2
Rhizophydium	4
Rhizophysa	1
Rhizoplaca	2
Rhizopus	53
Rhizosolenia	3
Rhodanobacter	11
Rhodella	2
Rhodiola	25
Rhodnius	1
Rhodobacter	17853
Rhodobium	5
Rhodoblastus	1
Rhodococcus	121903
Rhododendron	1
Rhodoferax	6
Rhodomicrobium	6917
Rhodomonas	20
Rhodopirellula	47097
Rhodoplanes	25
Rhodopseudomonas	139687
Rhodospirillum	32133
Rhodothalassium	1
Rhodothermus	26115
Rhodotorula	1
Rhodovulum	12
Rhynchoedura	1
Rhynchomonas	1
Rhynchoryza	2
Rhynchospora	1
Rhynchosporium	3
Rhysotritia	1
Rhytidhysteron	2
Riccia	2
Ricinus	4392
Rickettsia	3100
Rickettsiella	518
Riemerella	998
Robiginitalea	5965
Rosacea	4
Roseateles	2
Roseburia	979
Roseibium	3202
Roseiflexus	77670
Roseobacter	12400
Roseolovirus	3
Roseomonas	9681
Roseovarius	6810
Rossia	1
Rotaria	2
Rothia	2596
Rubritalea	8
Rubrivivax	15
Rubrobacter	92583
Rubus	2
Ruegeria	14548
Ruminococcus	2827
Ruta	4
SP6-like viruses	1
SPO1-like viruses	7
SPbeta-like viruses	18
Sabella	1
Saccharina	1
Saccharomonospora	32589
Saccharomyces	708
Saccharomycopsis	1
Saccharophagus	5548
Saccharopolyspora	109252
Saccharothrix	300
Saccharum	25
Saccoglossus	423
Saccorhiza	1
Saccostrea	1
Sagartia	1
Sagittula	2583
Saldula	1
Salegentibacter	4
Salicornia	2
Salinibacter	17109
Salinibacterium	1
Salinisphaera	1
Salinispora	120348
Salinivibrio	1
Salmo	171
Salmonella	3883
Salvelinus	1
Salvinia	3
Samia	1
Sandersonia	1
Sanguibacter	8885
Saprolegnia	1
Sarcoptes	3
Sarcotrochila	1
Saussurea	2
Savalia	3
Sawyeria	4
Scapharca	1
Scardia	1
Scardovia	286
Scedosporium	1
Scelio	1
Scenedesmus	4
Scheffersomyces	343
Schisandra	1
Schistocerca	3
Schistosoma	199
Schizochytrium	2
Schizophyllum	510
Schizosaccharomyces	1208
Schoenus	1
Schwanniomyces	1
Scirpoides	1
Sciurus	1
Scleranthus	1
Sclerotinia	1768
Scolopendra	1
Scopelophila	1
Scophthalmus	3
Scopulariopsis	1
Scutellospora	2
Scutigerella	1
Scyliorhinus	1
Scylla	2
Scytalidium	1
Scytonema	12
Sebaldella	1129
Secale	14
Seculamonas	2
Sedimentibacter	1
Sedum	10
Segniliparus	5466
Seinonella	12
Selaginella	1060
Selenastrum	2
Selenomonas	4804
Semibalanus	1
Sepia	3
Septoria	1
Seriatopora	1
Serratia	6442
Sesamum	2
Setaria	5
Setosphaeria	1
Shewanella	22163
Shigella	1924
Shuttleworthia	290
Sideroxydans	4418
Sigmops	1
Silene	11
Simkania	4
Simonsiella	313
Simplexvirus	2
Simulium	2
Sinapis	4
Sinningia	2
Sinobacter	1
Sinorhizobium	54927
Sinum	1
Siphula	1
Sipunculus	1
Sirdenus	1
Sitophilus	1
Skeletonema	3
Slackia	2398
Smaragdicoccus	1
Sminthopsis	1
Sminthurus	2
Smittium	7
Snowella	2
Sodalis	924
Solanum	218
Solenopsis	78
Solenostemon	1
Solobacterium	132
Sorangium	105354
Sorbus	2
Sordaria	11
Sorex	2
Sorghum	2670
Sorogena	1
Spadella	1
Spartina	2
Sparus	2
Spermophilus	1
Sphaerobacter	57240
Sphaeroma	1
Sphaeropsis	1
Sphaerospermopsis	1
Sphaerotilus	4
Sphagnum	1
Sphingobacterium	4790
Sphingobium	24930
Sphingomonas	40330
Sphingopyxis	22208
Sphingosinicella	19
Spinacia	9
Spirillospora	3
Spirochaeta	6232
Spiromastix	1
Spirometra	2
Spiromyces	1
Spironucleus	3
Spiroplasma	93
Spirosoma	32516
Spirulina	6
Spisula	1
Spizellomyces	3
Splachnum	1
Spodoptera	18
Sporanaerobacter	14
Sporidiobolus	1
Sporobolus	2
Sporolactobacillus	2
Sporormiella	3
Sporosarcina	7
Sporothrix	3
Spumochlamys	1
Squalus	8
Stachybotrys	2
Stachyurus	1
Stackebrandtia	36626
Stagonospora	1
Stagonosporopsis	2
Stangeella	1
Stanieria	6
Staphylococcus	6495
Staphylothermus	729
Stappia	9
Starkeya	18071
Staurastrum	14
Stauroneis	1
Steganacarus	2
Steinernema	1
Stellaria	3
Stellarima	1
Stenopetalum	1
Stenotrophomonas	10754
Sterkiella	4
Sterolibacterium	2
Stewartia	1
Stichococcus	1
Stigeoclonium	6
Stigmatella	44097
Stilbocrea	1
Streblomastix	3
Streptoalloteichus	302
Streptobacillus	301
Streptocarpus	1
Streptocephalus	3
Streptococcus	6961
Streptomonospora	3
Streptomyces	567706
Streptosporangium	103642
Streptostachys	2
Striga	1
Strobilanthes	1
Strongylocentrotus	759
Strongyloides	2
Struthio	2
Stylonychia	1
Suaeda	6
Subdoligranulum	653
Suberites	12
Subtercola	3
Succinatimonas	225
Suidasia	2
Sulfitobacter	2281
Sulfobacillus	40
Sulfolobus	3659
Sulfophobococcus	1
Sulfuricurvum	406
Sulfurihydrogenibium	4030
Sulfurimonas	1140
Sulfurisphaera	5
Sulfuritalea	1
Sulfurospirillum	654
Sulfurovum	1804
Sus	250
Sutterella	550
Swaminathania	1
Swietenia	7
Sycobia	1
Symbiobacterium	25209
Symbiodinium	2
Symbiotaphrina	4
Symploca	1
Syncephalastrum	2
Synechococcus	46350
Synechocystis	8908
Synedra	6
Syntrichia	5
Syntrophobacter	29025
Syntrophomonas	5906
Syntrophothermus	4533
Syntrophus	16103
Synura	1
Syzygium	2
T4-like viruses	86
T7-like viruses	12
Tachypleus	3
Tadarida	2
Taenia	8
Taeniopygia	318
Taiwanofungus	1
Takifugu	47
Talaromyces	11
Tamarix	2
Tamias	2
Tannerella	10
Tapeinochilos	2
Targionia	1
Tatlockia	3
Tatumella	6
Taylorella	382
Tectivirus	2
Telmatospirillum	3
Telonema	2
Tenebrio	1
Tepidimonas	1
Teredinibacter	2787
Terrabacter	194
Terracoccus	4
Terribacillus	1
Terriglobus	29528
Terrimonas	41
Tethya	1
Tetragenococcus	5
Tetrahymena	347
Tetranychus	2
Tetraodon	1294
Tetraplosphaeria	1
Tetraselmis	2
Tetrasphaera	1
Tetratrichomonas	1
Thalassionema	1
Thalassiosira	566
Thalassobium	692
Thalassobius	4
Thalassospira	7
Thalictrum	1
Thanatephorus	2
Thauera	6275
Thaumatomonas	2
Theileria	54
Theobroma	3
Thermacetogenium	2
Thermaerobacter	24176
Thermanaerovibrio	2865
Thermincola	6501
Thermoactinomyces	169
Thermoanaerobacter	7102
Thermoanaerobacterium	2986
Thermoascus	2
Thermobacillus	1
Thermobaculum	29982
Thermobifida	41278
Thermobispora	39347
Thermochromatium	14
Thermococcus	4216
Thermocrinis	1874
Thermocrispum	1
Thermodesulfobacterium	1
Thermodesulfobium	1
Thermodesulfovibrio	5639
Thermofilum	1400
Thermoleophilum	49
Thermomicrobium	23772
Thermomonospora	62229
Thermomyces	4
Thermoplasma	1144
Thermopolyspora	1
Thermoproteus	369
Thermosediminibacter	4691
Thermosinus	6073
Thermosipho	3311
Thermosphaera	159
Thermosynechococcus	6539
Thermotoga	10603
Thermovibrio	2446
Thermus	21659
Theromyzon	1
Thinopyrum	1
Thioalkalivibrio	10807
Thiobacillus	9664
Thiocapsa	14
Thiocystis	12
Thiomicrospira	2283
Thiomonas	3586
Thiorhodovibrio	1
Thiothrix	1
Thiovirga	1
Thismia	7
Thorea	1
Thraustochytrium	3
Thuidium	1
Thuja	1
Thymelaea	1
Tichocarpus	1
Tigriopus	2
Tilletia	2
Tinea	1
Tissierella	6
Tistrella	4
Todea	1
Todus	1
Tofieldia	4
Tolumonas	1433
Tolypothrix	90
Tomitella	15
Tomocerus	2
Torpedo	3
Torrubiella	2
Tortula	1
Torulaspora	2
Toxoplasma	213
Trachelium	1
Trachemys	1
Trachipleistophora	9
Tragelaphus	1
Trametes	1
Trebouxia	2
Trechispora	1
Tremella	5
Treponema	3630
Triatoma	2
Tribolium	491
Trichinella	145
Trichobilharzia	2
Trichodelitschia	1
Trichoderma	8
Trichodesmium	8810
Trichoglossum	1
Tricholoma	11
Trichomalopsis	1
Trichomitus	1
Trichomonas	239
Trichophyton	226
Trichoplax	571
Trichoplusia	2
Trichormus	1806
Trichospermum	1
Trichosporon	3
Trichosurus	1
Trichotomospora	3
Trifolium	11
Trimastix	6
Trimeresurus	1
Trimorphomyces	2
Triops	2
Tripneustes	2
Tripogon	1
Tripsacum	6
Trisetum	17
Tristachya	3
Trithuria	1
Triticum	52
Tritrichomonas	5
Tropheryma	1026
Truepera	11018
Trueperella	48
Trypanosoma	515
Tsukamurella	8475
Tuber	465
Tulipa	2
Tungrovirus	1
Tupaia	1
Turbinellus	1
Turbo	1
Turicella	2
Turicibacter	464
Turnix	1
Tylodina	1
Typha	2
Typhlogobius	1
Typhlonectes	1
Udotea	1
Uloborus	1
Ulva	3
Umbelopsis	1
Umbilicaria	2
Uncinocarpus	597
Undaria	1
Uniola	2
Ureaplasma	111
Urochloa	1
Uromastyx	2
Uromyces	1
Uronychia	1
Urospora	1
Urtica	1
Urticina	1
Ustilago	1006
Utricularia	1
VP2-like phages	1
Vaccinium	2
Vaceletia	1
Vagococcus	3
Vanderwaltozyma	85
Vanilla	13
Varanus	2
Varecia	1
Varicellovirus	6
Variovorax	23167
Vaucheria	5
Veillonella	2866
Venturia	6
Verminephrobacter	13972
Verpa	1
Verrucomicrobium	25820
Verrucosispora	4
Verticillium	775
Vibrio	12570
Vicia	1
Victivallis	2565
Vigna	39
Virgibacillus	15
Vitis	1007
Vitreoscilla	10
Vogesella	1
Volvariella	1
Volvox	1001
Vulcanisaeta	560
Waddlia	1704
Waltonella	1
Weeksella	631
Weissella	259
Welwitschia	3
Westiellopsis	38
Whipplea	1
Whispovirus	1
Wiebesia	1
Wigglesworthia	60
Williamsia	3
Wolbachia	1318
Wolffia	1
Wolinella	917
Xanthobacter	26718
Xanthomonas	35206
Xenophilus	20
Xenopus	1862
Xenorhabdus	1690
Xenoturbella	1
Xiphias	6
Xiphinema	4
Xylanimicrobium	1
Xylanimonas	10723
Xylaria	2
Xylella	5042
Yarrowia	427
Yersinia	7223
Yucca	1
Zalerion	4
Zantedeschia	2
Zea	898
Zeldia	7
Zingiber	1
Zonotrichia	3
Zoogloea	2
Zoophthora	2
Zootoca	1
Zopfiella	1
Zoysia	2
Zunongwangia	3560
Zygnema	19
Zygoascus	1
Zygosaccharomyces	71
Zymobacter	1
Zymomonas	8027
Zymoseptoria	52
phiKMV-like viruses	1
phiKZ-like viruses	15
unclassified (derived from Acidobacteria)	7832
unclassified (derived from Acidobacteriales)	714
unclassified (derived from Actinobacteria (class))	7070
unclassified (derived from Alloherpesviridae)	1
unclassified (derived from Alphaproteobacteria)	20711
unclassified (derived from Alteromonadales)	708
unclassified (derived from Amphipoda)	3
unclassified (derived from Anoplocephalidae)	1
unclassified (derived from Archaea)	2519
unclassified (derived from Bacteria)	49296
unclassified (derived from Bacteroidetes)	1214
unclassified (derived from Betaproteobacteria)	392
unclassified (derived from Botryidiopsidaceae)	1
unclassified (derived from Burkholderiales)	616
unclassified (derived from Campylobacteraceae)	2
unclassified (derived from Campylobacterales)	309
unclassified (derived from Capnodiales)	1
unclassified (derived from Caudovirales)	22
unclassified (derived from Caulobacteraceae)	1
unclassified (derived from Ceramiales)	2
unclassified (derived from Chaetothyriales)	1
unclassified (derived from Chloroflexi)	818
unclassified (derived from Chondrillidae)	1
unclassified (derived from Chromatiales)	78
unclassified (derived from Chroococcales)	295
unclassified (derived from Clostridia)	429
unclassified (derived from Clostridiales Family XI. Incertae Sedis)	267
unclassified (derived from Clostridiales)	1980
unclassified (derived from Collembola)	4
unclassified (derived from Comamonadaceae)	19
unclassified (derived from Crenarchaeota)	1198
unclassified (derived from Cyanobacteria)	13
unclassified (derived from Deltaproteobacteria)	9935
unclassified (derived from Desulfobacterales)	95
unclassified (derived from Dothideomycetes)	5
unclassified (derived from Elusimicrobia)	641
unclassified (derived from Enterobacteriaceae)	327
unclassified (derived from Epsilonproteobacteria)	3
unclassified (derived from Ergasilidae)	1
unclassified (derived from Erysipelotrichaceae)	1333
unclassified (derived from Eukaryota)	16
unclassified (derived from Eurotiomycetes)	1
unclassified (derived from Euryarchaeota)	3845
unclassified (derived from Flavobacteriaceae)	2174
unclassified (derived from Flavobacteriales)	2934
unclassified (derived from Flavobacteriia)	2350
unclassified (derived from Fungi)	9
unclassified (derived from Gammaproteobacteria)	17548
unclassified (derived from Gemmatimonadales)	941
unclassified (derived from Glomeraceae)	1
unclassified (derived from Halictophagidae)	1
unclassified (derived from Halobacteriaceae)	48
unclassified (derived from Helotiales)	1
unclassified (derived from Hildenbrandiales)	1
unclassified (derived from Hymenoptera)	3
unclassified (derived from Isotomidae)	1
unclassified (derived from Ktedonobacteria)	1
unclassified (derived from Lachnospiraceae)	925
unclassified (derived from Laminariales)	1
unclassified (derived from Lepidoptera)	1
unclassified (derived from Methylococcaceae)	8
unclassified (derived from Methylophilaceae)	4
unclassified (derived from Methylophilales)	8
unclassified (derived from Moraxellaceae)	2
unclassified (derived from Myoviridae)	210
unclassified (derived from Myxococcales)	280
unclassified (derived from Nematoda)	1
unclassified (derived from Nitrosomonadaceae)	56
unclassified (derived from Nitrosomonadales)	8
unclassified (derived from Nitrospinaceae)	107
unclassified (derived from Nitrospirae)	140
unclassified (derived from Oceanospirillales)	593
unclassified (derived from Ophiurida)	1
unclassified (derived from Opitutae)	3
unclassified (derived from Oscillatoriales)	1
unclassified (derived from Oxalobacteraceae)	2
unclassified (derived from Pasteurellaceae)	3
unclassified (derived from Pelagophyceae)	8
unclassified (derived from Peptostreptococcaceae)	4199
unclassified (derived from Phycodnaviridae)	7
unclassified (derived from Planctomycetaceae)	6
unclassified (derived from Planctomycetales)	695
unclassified (derived from Planococcaceae)	1
unclassified (derived from Podoviridae)	138
unclassified (derived from Poribacteria)	5434
unclassified (derived from Porifera)	2
unclassified (derived from Porphyromonadaceae)	1
unclassified (derived from Poxviridae)	1
unclassified (derived from Prasinophyceae)	1
unclassified (derived from Proteobacteria)	752
unclassified (derived from Pseudomonadales)	27
unclassified (derived from Rhizobiaceae)	2
unclassified (derived from Rhizobiales)	75
unclassified (derived from Rhodobacteraceae)	3013
unclassified (derived from Rhodobacterales)	1666
unclassified (derived from Rhodocyclaceae)	1
unclassified (derived from Rhodospirillaceae)	2
unclassified (derived from Rhodospirillales)	211
unclassified (derived from Ruminococcaceae)	568
unclassified (derived from Salinisphaeraceae)	1
unclassified (derived from Siphoviridae)	781
unclassified (derived from Sphingobacteriaceae)	1
unclassified (derived from Sphingobacteriales)	103
unclassified (derived from Sphingomonadaceae)	24
unclassified (derived from Sphingomonadales)	34
unclassified (derived from Spirochaetales)	29
unclassified (derived from Spizellomycetales)	2
unclassified (derived from Synergistetes)	576
unclassified (derived from Thaumarchaeota)	2660
unclassified (derived from Thermoanaerobacterales)	3
unclassified (derived from Thermomicrobia (class))	12
unclassified (derived from Thermomonosporaceae)	5
unclassified (derived from Thermotogales)	5
unclassified (derived from Thiotrichales)	6
unclassified (derived from Thysanoptera)	1
unclassified (derived from Verrucomicrobia)	1792
unclassified (derived from Verrucomicrobiaceae)	2
unclassified (derived from Verrucomicrobiales)	7452
unclassified (derived from Vibrionaceae)	892
unclassified (derived from Vibrionales)	232
unclassified (derived from Viruses)	466
unclassified (derived from other sequences)	1140
unclassified (derived from unclassified sequences)	11331
x Tritordeum	1
